time,open,high,low,close,volume
1777356000,0.178,0.179,0.176,0.177,60820.76
1777359600,0.177,0.177,0.176,0.177,34771.76
1777363200,0.177,0.178,0.177,0.177,23579.53
1777366800,0.176,0.177,0.176,0.177,45236.04
1777370400,0.177,0.177,0.176,0.176,74659.25
1777374000,0.176,0.177,0.175,0.176,37294.87
1777377600,0.177,0.177,0.176,0.176,55008.4
1777381200,0.176,0.178,0.176,0.177,95304.03
1777384800,0.177,0.178,0.176,0.178,106171.43
1777388400,0.178,0.18,0.178,0.178,138097.57
1777392000,0.179,0.179,0.178,0.178,82501.45
1777395600,0.177,0.179,0.177,0.177,24739.86
1777399200,0.178,0.179,0.178,0.179,38999.43
1777402800,0.18,0.18,0.179,0.179,24068.07
1777406400,0.179,0.179,0.179,0.179,13898.36
1777410000,0.179,0.179,0.178,0.179,29182.79
1777413600,0.179,0.18,0.178,0.178,29357.77
1777417200,0.179,0.179,0.179,0.179,11213.73
1777420800,0.179,0.179,0.178,0.178,11614.05
1777424400,0.178,0.179,0.178,0.179,5855.32
1777428000,0.179,0.179,0.178,0.178,46272.74
1777431600,0.179,0.18,0.179,0.18,220491.21
1777435200,0.18,0.18,0.178,0.18,254137.69
1777438800,0.18,0.181,0.18,0.181,9733.53
1777442400,0.181,0.181,0.18,0.181,73197.62
1777446000,0.18,0.183,0.18,0.182,239440.11
1777449600,0.182,0.183,0.181,0.182,331466.22
1777453200,0.181,0.186,0.181,0.186,116907.84
1777456800,0.187,0.188,0.186,0.186,163201.6
1777460400,0.186,0.186,0.184,0.184,76203.24
1777464000,0.182,0.182,0.181,0.181,237302.32
1777467600,0.181,0.181,0.179,0.179,115542.83
1777471200,0.179,0.18,0.178,0.179,123414.4
1777474800,0.179,0.179,0.175,0.176,356726.55
1777478400,0.176,0.176,0.175,0.175,236437.21
1777482000,0.175,0.177,0.175,0.177,71604.22
1777485600,0.177,0.177,0.172,0.176,289598.51
1777489200,0.176,0.177,0.176,0.176,112678.03
1777492800,0.176,0.178,0.176,0.178,151636.44
1777496400,0.179,0.179,0.178,0.178,111725.16
1777500000,0.178,0.179,0.178,0.178,27498.54
1777503600,0.178,0.178,0.178,0.178,98003.68
1777507200,0.179,0.182,0.179,0.182,71966.07
1777510800,0.181,0.181,0.18,0.181,18291.04
1777514400,0.181,0.182,0.178,0.179,102982.21
1777518000,0.178,0.186,0.178,0.184,798349.51
1777521600,0.183,0.185,0.182,0.184,448480.12
1777525200,0.183,0.184,0.18,0.18,206037.33
1777528800,0.18,0.182,0.18,0.182,80186.45
1777532400,0.182,0.183,0.181,0.182,54009.55
1777536000,0.182,0.185,0.182,0.185,298581.23
1777539600,0.184,0.187,0.184,0.184,200957.09
1777543200,0.184,0.184,0.182,0.182,101030.07
1777546800,0.182,0.183,0.18,0.181,125152.35
1777550400,0.182,0.183,0.181,0.183,223448.94
1777554000,0.183,0.183,0.182,0.182,90172.55
1777557600,0.182,0.185,0.182,0.185,121139.66
1777561200,0.185,0.19,0.184,0.189,215395.9
1777564800,0.189,0.19,0.186,0.188,282915.11
1777568400,0.187,0.187,0.184,0.185,80242.55
1777572000,0.185,0.185,0.184,0.184,99350.17
1777575600,0.184,0.186,0.184,0.185,141340.45
1777579200,0.185,0.186,0.185,0.186,65174.02
1777582800,0.185,0.186,0.184,0.184,111196.22
1777586400,0.183,0.184,0.182,0.183,50770.54
1777590000,0.183,0.184,0.183,0.184,32740.11
1777593600,0.184,0.185,0.184,0.185,94290.92
1777597200,0.185,0.187,0.185,0.187,252126.38
1777600800,0.187,0.188,0.186,0.188,27472.16
1777604400,0.189,0.191,0.187,0.188,177158.45
1777608000,0.188,0.189,0.186,0.187,138373.99
1777611600,0.187,0.188,0.187,0.188,29452.62
1777615200,0.187,0.187,0.185,0.186,79111.46
1777618800,0.185,0.186,0.184,0.185,337785.03
1777622400,0.185,0.186,0.185,0.185,41144.05
1777626000,0.185,0.186,0.185,0.185,38205.25
1777629600,0.185,0.187,0.185,0.186,44391.14
1777633200,0.187,0.188,0.186,0.188,47074.53
1777636800,0.188,0.188,0.187,0.187,40833.17
1777640400,0.188,0.19,0.188,0.19,139870.25
1777644000,0.189,0.19,0.189,0.19,131983.1
1777647600,0.19,0.195,0.19,0.194,531595.79
1777651200,0.195,0.197,0.194,0.195,450981.26
1777654800,0.195,0.197,0.195,0.195,167677.64
1777658400,0.195,0.196,0.192,0.194,177361.0
1777662000,0.194,0.195,0.192,0.193,88884.75
1777665600,0.193,0.193,0.189,0.191,197286.3
1777669200,0.19,0.191,0.19,0.19,113614.85
1777672800,0.19,0.19,0.189,0.19,104520.6
1777676400,0.189,0.189,0.188,0.189,24479.41
1777680000,0.188,0.189,0.188,0.188,58966.73
1777683600,0.188,0.188,0.187,0.187,48308.22
1777687200,0.187,0.187,0.187,0.187,10839.53
1777690800,0.187,0.188,0.187,0.188,29526.0
1777694400,0.187,0.188,0.187,0.187,66063.72
1777698000,0.187,0.188,0.187,0.187,66005.29
1777701600,0.187,0.188,0.186,0.188,46500.4
1777705200,0.188,0.188,0.187,0.187,36505.56
1777712400,0.187,0.188,0.187,0.187,63277.78
1777716000,0.188,0.188,0.188,0.188,100913.54
1777719600,0.188,0.189,0.188,0.188,13996.27
1777723200,0.188,0.19,0.188,0.19,105137.81
1777726800,0.19,0.191,0.186,0.19,576768.08
1777730400,0.19,0.194,0.19,0.193,288440.91
1777734000,0.193,0.193,0.192,0.192,152943.58
1777737600,0.192,0.194,0.192,0.194,84752.61
1777741200,0.194,0.195,0.189,0.189,428474.81
1777744800,0.189,0.191,0.189,0.19,78013.91
1777748400,0.19,0.191,0.19,0.19,47746.85
1777752000,0.19,0.19,0.189,0.19,63592.18
1777755600,0.19,0.192,0.19,0.19,126857.46
1777759200,0.191,0.192,0.189,0.19,435626.92
1777762800,0.19,0.19,0.189,0.189,86611.44
1777766400,0.189,0.189,0.188,0.189,295100.33
1777770000,0.188,0.188,0.186,0.186,47561.87
1777773600,0.186,0.187,0.186,0.187,60129.15
1777777200,0.187,0.187,0.187,0.187,10111.35
1777780800,0.187,0.187,0.187,0.187,18101.79
1777784400,0.187,0.187,0.187,0.187,8190.32
1777788000,0.186,0.187,0.186,0.187,44697.56
1777791600,0.187,0.187,0.187,0.187,253933.55
1777795200,0.187,0.187,0.187,0.187,42587.67
1777798800,0.186,0.186,0.186,0.186,64465.15
1777802400,0.186,0.186,0.185,0.185,35601.61
1777806000,0.185,0.186,0.185,0.186,104289.23
1777809600,0.186,0.187,0.186,0.186,28625.04
1777813200,0.187,0.188,0.187,0.188,186469.83
1777816800,0.188,0.189,0.188,0.188,51987.59
1777820400,0.188,0.188,0.187,0.187,91192.0
1777824000,0.187,0.189,0.186,0.188,23910.15
1777827600,0.187,0.188,0.187,0.187,92788.85
1777831200,0.188,0.189,0.188,0.189,27948.57
1777834800,0.188,0.189,0.188,0.189,13205.75
1777838400,0.189,0.19,0.189,0.189,150170.5
1777842000,0.189,0.189,0.188,0.188,87296.56
1777845600,0.188,0.19,0.188,0.19,122716.56
1777849200,0.189,0.189,0.188,0.188,132005.51
1777852800,0.187,0.189,0.187,0.189,69523.84
1777856400,0.189,0.192,0.188,0.192,203288.12
1777860000,0.193,0.194,0.191,0.194,88654.08
1777863600,0.194,0.195,0.192,0.194,201379.56
1777867200,0.194,0.195,0.193,0.193,133203.09
1777870800,0.193,0.193,0.192,0.193,62912.96
1777874400,0.193,0.193,0.191,0.192,58058.86
1777878000,0.192,0.192,0.191,0.191,57581.33
1777881600,0.191,0.193,0.191,0.193,142828.52
1777885200,0.193,0.195,0.193,0.194,132250.33
1777888800,0.194,0.194,0.189,0.191,226107.64
1777892400,0.191,0.192,0.191,0.192,46077.35
1777896000,0.193,0.193,0.191,0.191,37506.26
1777899600,0.191,0.192,0.191,0.191,101710.36
1777903200,0.191,0.194,0.191,0.193,79413.67
1777906800,0.193,0.193,0.191,0.191,90569.14
1777910400,0.191,0.193,0.191,0.192,74710.22
1777914000,0.193,0.193,0.192,0.193,43899.37
1777917600,0.193,0.193,0.193,0.193,19030.92
1777921200,0.192,0.193,0.192,0.193,94933.9
1777924800,0.191,0.191,0.19,0.191,12890.52
1777928400,0.191,0.193,0.191,0.192,110305.37
1777932000,0.192,0.192,0.19,0.19,79113.85
1777935600,0.191,0.191,0.191,0.191,20562.72
1777939200,0.191,0.192,0.19,0.192,57176.56
1777942800,0.193,0.193,0.192,0.193,43766.77
1777946400,0.193,0.194,0.191,0.192,10675.68
1777950000,0.192,0.193,0.192,0.192,39222.96
1777953600,0.192,0.192,0.192,0.192,3948.34
1777957200,0.193,0.194,0.193,0.193,69534.82
1777960800,0.192,0.194,0.192,0.194,6303.88
1777964400,0.194,0.195,0.194,0.194,65396.97
1777968000,0.195,0.196,0.195,0.196,56044.48
1777971600,0.196,0.197,0.195,0.195,35723.76
1777975200,0.195,0.196,0.195,0.195,40805.12
1777978800,0.194,0.196,0.194,0.196,66794.68
1777982400,0.195,0.198,0.195,0.197,22594.14
1777986000,0.197,0.198,0.196,0.197,263343.13
1777989600,0.197,0.198,0.196,0.196,352743.02
1777993200,0.196,0.196,0.195,0.195,40590.37
1777996800,0.195,0.196,0.194,0.195,77392.9
1778000400,0.196,0.196,0.195,0.196,4307.85
1778004000,0.197,0.197,0.196,0.197,124510.54
1778007600,0.197,0.198,0.196,0.197,202732.06
1778011200,0.197,0.2,0.197,0.2,214484.78
1778014800,0.2,0.201,0.198,0.201,241669.62
1778018400,0.201,0.201,0.199,0.2,341466.99
1778022000,0.199,0.201,0.199,0.201,127704.81
1778025600,0.2,0.202,0.2,0.202,91259.03
1778029200,0.202,0.211,0.202,0.21,592589.26
1778032800,0.21,0.219,0.21,0.219,805954.41
1778036400,0.219,0.219,0.21,0.216,793255.85
1778040000,0.216,0.221,0.216,0.218,1026186.31
1778043600,0.218,0.268,0.218,0.251,7551815.72
1778047200,0.252,0.253,0.238,0.243,1671224.84
1778050800,0.242,0.246,0.228,0.23,1483108.87
1778054400,0.229,0.233,0.225,0.231,813987.27
1778058000,0.231,0.232,0.227,0.228,401176.51
1778061600,0.228,0.228,0.223,0.223,427183.54
1778065200,0.223,0.227,0.222,0.225,1600539.79
1778068800,0.225,0.225,0.221,0.223,550074.84
1778072400,0.223,0.226,0.219,0.222,434938.87
1778076000,0.22,0.223,0.219,0.22,206472.2
1778079600,0.22,0.221,0.217,0.22,422644.46
1778083200,0.219,0.222,0.219,0.221,599036.88
1778086800,0.221,0.222,0.219,0.221,358507.63
1778090400,0.22,0.224,0.22,0.223,211510.75
1778094000,0.223,0.225,0.222,0.225,275089.56
1778097600,0.225,0.226,0.221,0.223,422101.84
1778101200,0.223,0.225,0.222,0.225,438111.05
1778104800,0.225,0.225,0.22,0.22,566437.56
1778108400,0.22,0.221,0.219,0.22,128924.93
1778112000,0.22,0.221,0.216,0.217,225702.71
1778115600,0.216,0.218,0.213,0.216,378518.12
1778119200,0.216,0.218,0.215,0.217,217632.61
1778122800,0.216,0.217,0.212,0.212,656852.09
1778126400,0.212,0.216,0.21,0.216,160095.31
1778130000,0.215,0.216,0.214,0.215,160830.32
1778133600,0.215,0.217,0.214,0.217,127485.22
1778137200,0.217,0.217,0.216,0.217,128775.18
1778140800,0.217,0.217,0.215,0.215,257250.37
1778144400,0.215,0.216,0.215,0.216,66328.51
1778148000,0.217,0.217,0.214,0.215,70236.29
1778151600,0.215,0.216,0.214,0.216,234100.25
1778155200,0.217,0.222,0.216,0.22,601712.72
1778158800,0.22,0.221,0.218,0.219,268218.69
1778162400,0.218,0.219,0.215,0.219,294096.58
1778166000,0.219,0.221,0.218,0.22,276088.24
1778169600,0.22,0.22,0.217,0.218,305572.26
1778173200,0.218,0.219,0.217,0.219,347801.55
1778176800,0.219,0.221,0.217,0.217,206060.41
1778180400,0.217,0.218,0.217,0.218,115716.85
1778184000,0.218,0.219,0.216,0.216,183028.47
1778187600,0.216,0.217,0.214,0.216,705965.54
1778191200,0.215,0.217,0.215,0.217,108799.63
1778194800,0.217,0.22,0.217,0.22,107725.59
1778198400,0.22,0.222,0.219,0.219,250442.95
1778202000,0.219,0.219,0.217,0.217,11913.45
1778223600,0.217,0.217,0.217,0.217,23477.81
1778227200,0.217,0.22,0.216,0.218,155724.16
1778230800,0.218,0.22,0.218,0.219,144104.26
1778234400,0.219,0.219,0.218,0.218,199217.1
1778238000,0.218,0.22,0.218,0.218,338538.03
1778241600,0.218,0.219,0.217,0.219,239558.63
1778245200,0.219,0.219,0.217,0.219,164145.53
1778248800,0.219,0.223,0.219,0.222,699011.38
1778252400,0.221,0.225,0.221,0.223,165132.49
1778256000,0.223,0.223,0.22,0.222,241806.59
1778259600,0.222,0.225,0.221,0.224,259254.32
1778263200,0.224,0.227,0.223,0.226,267243.95
1778266800,0.226,0.229,0.225,0.225,160127.06
1778270400,0.226,0.226,0.224,0.225,68516.54
1778274000,0.225,0.228,0.224,0.228,180905.44
1778277600,0.227,0.227,0.225,0.226,117775.55
1778281200,0.226,0.227,0.225,0.225,36909.59
1778284800,0.225,0.227,0.225,0.225,197309.17
1778288400,0.226,0.23,0.225,0.23,161192.41
1778292000,0.229,0.232,0.228,0.23,143364.2
1778295600,0.23,0.237,0.23,0.232,606714.69
1778299200,0.232,0.234,0.227,0.228,265910.03
1778302800,0.228,0.23,0.227,0.229,108080.84
1778306400,0.23,0.23,0.227,0.227,116909.31
1778310000,0.227,0.227,0.225,0.226,113277.3
1778313600,0.226,0.228,0.226,0.226,73312.78
1778317200,0.225,0.226,0.224,0.225,200815.61
1778320800,0.224,0.227,0.224,0.227,75134.53
1778324400,0.227,0.228,0.227,0.228,10372.65
1778328000,0.227,0.229,0.227,0.229,83602.25
1778331600,0.228,0.228,0.226,0.226,611084.64
1778335200,0.226,0.227,0.223,0.223,194334.96
1778338800,0.223,0.223,0.222,0.222,85919.51
1778342400,0.222,0.223,0.222,0.223,68946.22
1778346000,0.223,0.226,0.223,0.225,145403.35
1778349600,0.225,0.225,0.224,0.225,50247.66
1778353200,0.225,0.227,0.225,0.225,181547.44
1778356800,0.225,0.226,0.224,0.226,71348.46
1778360400,0.226,0.226,0.225,0.226,126216.59
1778364000,0.227,0.227,0.226,0.226,183636.26
1778367600,0.226,0.226,0.224,0.225,148007.15
1778371200,0.225,0.226,0.223,0.223,107116.33
1778374800,0.223,0.223,0.222,0.222,55300.2
1778378400,0.222,0.224,0.222,0.223,66628.59
1778382000,0.224,0.226,0.224,0.224,85415.67
1778385600,0.223,0.224,0.223,0.223,51407.31
1778389200,0.223,0.224,0.222,0.223,58802.26
1778392800,0.222,0.223,0.221,0.223,38470.68
1778396400,0.223,0.224,0.223,0.223,27790.61
1778400000,0.224,0.226,0.224,0.225,55158.01
1778403600,0.226,0.226,0.225,0.225,26146.81
1778407200,0.225,0.226,0.225,0.226,57874.26
1778410800,0.226,0.227,0.225,0.225,43528.68
1778414400,0.225,0.225,0.223,0.225,65904.94
1778418000,0.225,0.227,0.225,0.227,111278.99
1778421600,0.227,0.228,0.226,0.227,282606.83
1778425200,0.227,0.228,0.226,0.228,100203.48
1778428800,0.228,0.23,0.228,0.229,98384.12
1778432400,0.23,0.234,0.227,0.233,283273.32
1778436000,0.233,0.242,0.233,0.239,638573.16
1778439600,0.238,0.244,0.234,0.237,1201504.74
1778443200,0.236,0.237,0.225,0.227,268303.92
1778446800,0.227,0.229,0.226,0.228,115420.11
1778450400,0.228,0.232,0.228,0.232,30161.85
1778454000,0.232,0.233,0.231,0.232,86213.21
1778457600,0.232,0.232,0.227,0.229,83343.75
1778461200,0.229,0.229,0.228,0.228,55416.35
1778464800,0.228,0.228,0.224,0.224,52336.12
1778468400,0.224,0.224,0.22,0.222,157656.54
1778472000,0.222,0.225,0.222,0.225,16200.93
1778475600,0.225,0.227,0.225,0.227,88215.39
1778479200,0.227,0.227,0.225,0.225,18198.62
1778482800,0.225,0.226,0.225,0.226,7702.78
1778486400,0.227,0.227,0.225,0.227,3396.75
1778490000,0.227,0.228,0.226,0.226,4188.01
1778493600,0.227,0.228,0.227,0.227,33874.49
1778497200,0.227,0.229,0.227,0.228,53285.73
1778500800,0.228,0.229,0.227,0.229,15635.62
1778504400,0.23,0.23,0.227,0.229,16311.54
1778508000,0.23,0.231,0.227,0.227,30623.23
1778511600,0.227,0.231,0.227,0.23,93313.06
1778515200,0.23,0.232,0.228,0.229,145653.17
1778518800,0.229,0.234,0.229,0.232,145593.91
1778522400,0.231,0.233,0.231,0.233,8320.03
1778526000,0.233,0.235,0.233,0.234,15066.57
1778529600,0.234,0.235,0.232,0.233,32535.31
1778533200,0.233,0.234,0.231,0.232,18737.62
1778536800,0.232,0.233,0.231,0.231,16861.58
1778540400,0.231,0.232,0.23,0.231,38183.68
1778544000,0.231,0.231,0.23,0.23,23605.88
1778547600,0.229,0.229,0.226,0.227,35679.09
1778551200,0.227,0.227,0.226,0.227,6793.17
1778554800,0.227,0.227,0.226,0.226,10399.58
1778558400,0.227,0.227,0.227,0.227,31511.78
1778562000,0.227,0.228,0.227,0.228,26190.18
1778565600,0.228,0.229,0.227,0.227,44100.06
1778569200,0.226,0.228,0.226,0.227,72849.65
1778572800,0.227,0.228,0.226,0.226,68111.82
1778576400,0.226,0.227,0.225,0.226,18602.04
1778580000,0.226,0.226,0.223,0.223,74649.42
1778583600,0.223,0.224,0.222,0.223,214013.67
1778587200,0.222,0.223,0.221,0.223,87842.22
1778590800,0.223,0.223,0.22,0.22,63521.94
1778594400,0.22,0.222,0.216,0.218,177032.22
1778598000,0.218,0.219,0.216,0.218,734904.95
1778601600,0.218,0.218,0.216,0.217,138737.56
1778605200,0.218,0.219,0.218,0.219,44043.9
1778608800,0.219,0.22,0.219,0.22,4338.75
1778612400,0.22,0.221,0.22,0.22,8869.77
1778616000,0.22,0.221,0.219,0.221,23136.11
1778619600,0.221,0.222,0.22,0.222,137002.29
1778623200,0.222,0.223,0.221,0.221,103844.03
1778626800,0.221,0.222,0.22,0.221,15406.58
1778630400,0.221,0.223,0.221,0.223,34055.6
1778634000,0.223,0.225,0.223,0.224,27381.5
1778637600,0.224,0.225,0.224,0.225,44110.92
1778641200,0.225,0.227,0.225,0.227,89193.64
1778644800,0.227,0.23,0.227,0.228,57271.58
1778648400,0.229,0.229,0.226,0.226,84461.97
1778652000,0.226,0.228,0.226,0.227,179636.61
1778655600,0.227,0.227,0.226,0.227,19137.44
1778659200,0.228,0.232,0.228,0.23,438690.64
1778662800,0.23,0.232,0.23,0.231,111995.58
1778666400,0.231,0.231,0.229,0.229,46160.08
1778670000,0.228,0.229,0.227,0.228,62660.98
1778673600,0.228,0.228,0.22,0.222,178360.4
1778677200,0.223,0.223,0.217,0.218,134357.67
1778680800,0.217,0.22,0.217,0.219,50927.89
1778684400,0.219,0.22,0.213,0.213,246358.52
1778688000,0.214,0.218,0.214,0.218,117519.13
1778691600,0.218,0.219,0.218,0.219,21401.29
1778695200,0.219,0.22,0.218,0.218,48116.06
1778698800,0.218,0.218,0.216,0.216,49144.43
1778702400,0.216,0.217,0.216,0.217,3529.9
1778706000,0.216,0.216,0.215,0.215,25293.09
1778709600,0.215,0.216,0.215,0.216,572032.09
1778713200,0.216,0.217,0.216,0.216,72998.52
1778716800,0.217,0.219,0.217,0.218,228444.27
1778720400,0.217,0.218,0.217,0.217,39456.69
1778724000,0.218,0.218,0.216,0.217,11903.71
1778727600,0.217,0.218,0.213,0.213,76396.41
1778731200,0.213,0.215,0.213,0.215,42777.15
1778734800,0.216,0.218,0.216,0.218,15050.96
1778738400,0.218,0.218,0.217,0.217,55626.08
1778742000,0.217,0.217,0.215,0.216,14503.64
1778745600,0.215,0.217,0.215,0.216,82658.97
1778749200,0.215,0.215,0.215,0.215,10285.49
1778752800,0.215,0.216,0.214,0.216,56042.15
1778756400,0.216,0.216,0.214,0.214,63066.94
1778760000,0.215,0.216,0.214,0.216,43152.03
1778763600,0.217,0.217,0.215,0.217,43150.83
1778767200,0.217,0.222,0.216,0.221,160934.46
1778770800,0.222,0.224,0.221,0.223,81133.08
1778774400,0.224,0.226,0.224,0.226,151000.53
1778778000,0.226,0.227,0.223,0.223,88608.04
1778781600,0.223,0.228,0.223,0.228,158842.66
1778785200,0.228,0.229,0.225,0.226,85250.17
1778788800,0.226,0.226,0.223,0.224,81757.71
1778792400,0.224,0.224,0.222,0.223,82748.5
1778796000,0.223,0.223,0.222,0.222,22416.72
1778799600,0.221,0.221,0.22,0.221,53560.1
1778803200,0.222,0.222,0.221,0.221,69136.0
1778806800,0.221,0.221,0.219,0.219,49805.92
1778810400,0.219,0.22,0.218,0.22,105163.51
1778814000,0.22,0.22,0.219,0.219,64980.66
1778817600,0.219,0.219,0.215,0.215,72337.89
1778821200,0.215,0.215,0.211,0.211,86220.02
1778824800,0.211,0.213,0.211,0.213,104611.51
1778828400,0.214,0.215,0.213,0.213,97855.23
1778832000,0.212,0.212,0.211,0.212,36092.82
1778835600,0.212,0.213,0.211,0.212,57349.12
1778839200,0.212,0.214,0.211,0.213,6527.19
1778842800,0.213,0.213,0.212,0.212,4416.76
1778846400,0.211,0.211,0.209,0.209,103810.53
1778850000,0.209,0.21,0.202,0.202,318653.79
1778853600,0.201,0.205,0.201,0.202,144425.55
1778857200,0.203,0.205,0.203,0.204,248565.68
1778860800,0.204,0.206,0.204,0.206,174761.19
1778864400,0.206,0.206,0.205,0.206,56572.5
1778868000,0.207,0.207,0.207,0.207,29751.21
1778871600,0.207,0.207,0.206,0.207,10709.62
1778875200,0.206,0.206,0.205,0.205,94994.73
1778878800,0.205,0.206,0.205,0.206,2924.52
1778886000,0.206,0.206,0.204,0.205,4786.42
1778889600,0.205,0.206,0.205,0.205,11980.1
1778893200,0.205,0.206,0.205,0.206,18998.74
1778896800,0.206,0.206,0.205,0.205,36543.7
1778900400,0.205,0.205,0.204,0.205,12203.74
1778904000,0.205,0.205,0.203,0.203,37822.77
1778907600,0.203,0.204,0.203,0.203,55839.86
1778911200,0.203,0.203,0.2,0.2,92127.96
1778914800,0.2,0.2,0.196,0.199,279186.9
1778918400,0.199,0.2,0.198,0.198,43034.2
1778922000,0.198,0.199,0.195,0.196,177526.38
1778925600,0.196,0.196,0.194,0.196,151978.76
1778929200,0.197,0.199,0.197,0.197,142075.01
1778932800,0.197,0.197,0.197,0.197,6585.11
1778936400,0.197,0.198,0.197,0.197,16918.24
1778940000,0.197,0.198,0.196,0.198,28770.47
1778943600,0.198,0.199,0.198,0.199,7576.33
1778947200,0.199,0.2,0.198,0.199,24732.12
1778950800,0.199,0.199,0.198,0.198,17331.87
1778954400,0.198,0.199,0.198,0.199,2844.89
1778958000,0.199,0.199,0.198,0.199,19261.22
1778961600,0.198,0.199,0.198,0.199,58524.35
1778965200,0.198,0.199,0.198,0.199,16751.51
1778968800,0.199,0.199,0.197,0.198,21769.58
1778972400,0.198,0.198,0.197,0.197,16410.62
1778976000,0.196,0.196,0.196,0.196,26013.14
1778979600,0.196,0.196,0.195,0.195,84291.03
1778986800,0.196,0.197,0.196,0.197,7405.76
1778990400,0.197,0.198,0.197,0.198,8384.43
1778994000,0.198,0.198,0.197,0.197,5958.65
1778997600,0.197,0.198,0.197,0.198,22844.82
1779001200,0.197,0.198,0.197,0.198,49093.29
1779004800,0.198,0.199,0.198,0.198,24780.65
1779008400,0.198,0.2,0.198,0.2,5865.86
1779012000,0.2,0.2,0.2,0.2,3556.29
1779015600,0.199,0.199,0.199,0.199,10957.09
1779019200,0.2,0.201,0.199,0.199,22042.84
1779022800,0.199,0.199,0.197,0.197,57964.1
1779026400,0.197,0.198,0.197,0.198,6281.45
1779030000,0.198,0.198,0.197,0.197,48274.78
1779033600,0.197,0.197,0.196,0.196,6622.11
1779037200,0.196,0.197,0.195,0.196,69144.39
1779040800,0.196,0.197,0.195,0.197,32897.24
1779044400,0.197,0.198,0.197,0.198,35438.02
1779048000,0.198,0.198,0.196,0.196,4257.78
1779051600,0.197,0.198,0.197,0.197,4151.51
1779055200,0.196,0.197,0.194,0.194,55303.93
1779058800,0.194,0.195,0.186,0.193,921504.8
1779062400,0.193,0.193,0.19,0.192,891194.85
1779066000,0.192,0.193,0.19,0.193,619793.24
1779069600,0.193,0.193,0.193,0.193,35550.76
1779073200,0.193,0.193,0.191,0.192,663106.31
1779076800,0.192,0.193,0.191,0.193,1123011.08
1779080400,0.193,0.193,0.191,0.191,33488.06
1779084000,0.191,0.191,0.189,0.191,780292.04
1779087600,0.19,0.19,0.187,0.19,474554.84
1779091200,0.19,0.19,0.189,0.19,87372.35
1779094800,0.19,0.19,0.189,0.189,128235.23
1779098400,0.189,0.189,0.189,0.189,2012.53
1779102000,0.189,0.191,0.189,0.191,135318.99
1779105600,0.191,0.193,0.191,0.192,218537.83
1779109200,0.191,0.191,0.189,0.19,549217.83
1779112800,0.19,0.191,0.187,0.188,299442.42
1779116400,0.188,0.19,0.187,0.189,1403760.36
1779120000,0.189,0.191,0.188,0.191,721186.06
1779123600,0.19,0.191,0.19,0.19,26076.9
1779127200,0.189,0.189,0.187,0.188,887433.5
1779130800,0.188,0.192,0.188,0.192,764057.54
1779134400,0.192,0.193,0.191,0.192,19526.89
1779138000,0.192,0.194,0.192,0.194,37958.66
1779141600,0.194,0.194,0.192,0.194,315201.44
1779145200,0.194,0.194,0.193,0.194,268186.14
1779148800,0.194,0.195,0.193,0.193,315964.73
1779152400,0.193,0.193,0.192,0.192,248115.2
1779156000,0.192,0.192,0.191,0.191,69001.92
1779159600,0.191,0.192,0.191,0.192,323908.73
1779163200,0.192,0.193,0.191,0.192,29854.91
1779166800,0.192,0.192,0.191,0.192,344270.12
1779170400,0.192,0.192,0.192,0.192,9103.35
1779174000,0.193,0.194,0.193,0.193,41224.06
1779177600,0.193,0.193,0.192,0.192,113466.08
1779181200,0.192,0.192,0.191,0.191,13942.22
1779184800,0.191,0.191,0.19,0.191,32921.88
1779188400,0.191,0.191,0.189,0.19,999.55
1779192000,0.191,0.191,0.191,0.191,15175.28
1779195600,0.191,0.193,0.191,0.191,12241.39
1779199200,0.191,0.192,0.189,0.189,178770.9
1779202800,0.19,0.19,0.189,0.189,393123.32
1779206400,0.189,0.191,0.189,0.191,39427.44
1779210000,0.192,0.192,0.19,0.19,974.07
1779213600,0.19,0.19,0.19,0.19,41850.39
1779217200,0.191,0.191,0.19,0.19,67437.2
1779220800,0.19,0.191,0.19,0.191,32006.0
1779224400,0.191,0.192,0.19,0.19,116458.2
1779228000,0.191,0.191,0.188,0.189,121250.37
1779231600,0.189,0.19,0.189,0.19,31378.48
1779235200,0.19,0.19,0.189,0.19,64157.53
1779238800,0.189,0.19,0.189,0.19,192847.88
1779242400,0.191,0.191,0.189,0.189,54041.0
1779246000,0.189,0.191,0.189,0.191,96225.66
1779249600,0.191,0.192,0.19,0.191,331057.18
1779253200,0.191,0.193,0.191,0.193,229014.32
1779256800,0.193,0.194,0.193,0.193,40454.8
1779260400,0.193,0.194,0.193,0.193,60514.17
1779264000,0.193,0.194,0.192,0.193,92470.64
1779267600,0.193,0.194,0.192,0.193,52764.67
1779271200,0.193,0.194,0.193,0.194,104528.05
1779274800,0.194,0.194,0.193,0.193,65041.17
1779278400,0.193,0.195,0.193,0.194,70217.46
1779282000,0.194,0.194,0.192,0.192,350982.9
1779285600,0.192,0.196,0.192,0.195,222673.51
1779289200,0.195,0.196,0.194,0.196,202045.73
1779292800,0.196,0.197,0.195,0.195,198454.31
1779296400,0.196,0.197,0.196,0.196,178167.89
1779300000,0.196,0.196,0.195,0.195,84362.63
1779303600,0.196,0.196,0.195,0.195,21540.07
1779307200,0.195,0.195,0.194,0.195,50141.86
1779310800,0.196,0.196,0.194,0.195,27910.89
1779314400,0.194,0.195,0.192,0.194,76504.52
1779318000,0.194,0.195,0.194,0.195,115859.45
1779321600,0.195,0.196,0.195,0.196,244745.42
1779325200,0.196,0.197,0.196,0.197,13780.69
1779328800,0.197,0.197,0.197,0.197,91860.44
1779332400,0.197,0.197,0.197,0.197,16052.78
1779336000,0.197,0.198,0.197,0.197,54853.11
1779339600,0.197,0.197,0.196,0.196,79373.31
1779343200,0.196,0.197,0.195,0.196,38180.26
1779346800,0.196,0.198,0.196,0.198,6047.05
1779350400,0.198,0.198,0.197,0.197,16271.99
1779354000,0.197,0.198,0.196,0.196,236090.0
1779357600,0.195,0.195,0.194,0.194,411990.44
1779361200,0.194,0.194,0.193,0.194,112575.93
1779364800,0.194,0.195,0.194,0.195,30771.48
1779368400,0.195,0.196,0.194,0.196,182830.3
1779372000,0.195,0.196,0.195,0.195,95594.8
1779375600,0.194,0.196,0.194,0.196,275103.43
1779379200,0.195,0.195,0.194,0.195,44015.29
1779382800,0.196,0.2,0.196,0.2,381228.81
1779386400,0.2,0.201,0.198,0.199,291548.28
1779390000,0.199,0.201,0.199,0.201,30264.11
1779397200,0.201,0.202,0.2,0.2,36186.36
1779400800,0.201,0.201,0.2,0.2,44480.03
1779404400,0.2,0.2,0.199,0.199,24490.7
1779408000,0.199,0.199,0.198,0.198,47737.75
1779411600,0.198,0.2,0.198,0.2,21038.72
1779415200,0.2,0.202,0.2,0.2,21067.01
1779418800,0.2,0.201,0.2,0.201,26213.17
1779422400,0.201,0.201,0.2,0.201,53080.17
1779426000,0.201,0.202,0.201,0.201,29454.25
1779429600,0.201,0.201,0.2,0.2,90531.8
1779433200,0.2,0.201,0.2,0.201,130766.52
1779436800,0.202,0.202,0.201,0.201,294572.83
1779440400,0.201,0.201,0.2,0.2,20820.25
1779444000,0.2,0.201,0.2,0.201,45540.82
1779447600,0.201,0.201,0.201,0.201,53880.97
1779451200,0.202,0.204,0.201,0.204,241842.35
1779454800,0.204,0.204,0.202,0.203,466528.8
1779458400,0.203,0.203,0.2,0.2,241246.66
1779462000,0.2,0.2,0.198,0.2,293859.75
1779465600,0.2,0.2,0.198,0.2,111410.17
1779469200,0.2,0.201,0.199,0.199,68864.42
1779472800,0.199,0.2,0.194,0.194,276703.25
1779476400,0.194,0.195,0.191,0.194,569336.58
1779480000,0.194,0.195,0.193,0.194,482968.51
1779483600,0.194,0.195,0.194,0.195,25611.83
1779487200,0.194,0.195,0.193,0.194,22412.23
1779490800,0.194,0.194,0.189,0.19,250646.99
1779494400,0.19,0.191,0.19,0.191,442856.42
1779498000,0.192,0.192,0.19,0.191,59703.41
1779501600,0.191,0.191,0.191,0.191,40.16
1779505200,0.192,0.192,0.191,0.191,11623.56
1779508800,0.191,0.191,0.19,0.19,119292.28
1779512400,0.19,0.19,0.189,0.19,16879.92
1779516000,0.19,0.19,0.187,0.187,113949.53
1779519600,0.187,0.187,0.18,0.181,647073.05
1779523200,0.181,0.183,0.181,0.183,419543.01
1779526800,0.183,0.183,0.182,0.182,71620.06
1779530400,0.182,0.183,0.182,0.183,9801.81
1779534000,0.182,0.182,0.182,0.182,115868.03
1779537600,0.181,0.183,0.181,0.183,19610.17
1779541200,0.184,0.185,0.184,0.184,137733.99
1779544800,0.184,0.187,0.184,0.187,76360.04
1779548400,0.187,0.188,0.187,0.188,26342.38
1779552000,0.188,0.189,0.187,0.189,206946.05
1779555600,0.189,0.19,0.188,0.19,133933.36
1779559200,0.19,0.193,0.19,0.192,476822.92
1779562800,0.192,0.192,0.192,0.192,56640.07
1779566400,0.192,0.198,0.191,0.198,345499.51
1779570000,0.198,0.198,0.194,0.195,243987.99
1779573600,0.195,0.196,0.193,0.193,261131.57
1779577200,0.193,0.193,0.193,0.193,43758.75
1779580800,0.193,0.194,0.192,0.194,6914.53
1779584400,0.194,0.194,0.194,0.194,42888.8
1779588000,0.194,0.194,0.193,0.194,60316.46
1779591600,0.194,0.194,0.192,0.193,156331.99
1779595200,0.192,0.193,0.192,0.192,360.4
1779598800,0.192,0.192,0.19,0.191,182505.63
1779602400,0.191,0.192,0.191,0.192,9264.61
1779606000,0.192,0.192,0.192,0.192,36020.65
1779609600,0.192,0.193,0.192,0.193,20233.73
1779613200,0.192,0.193,0.192,0.192,33161.0
1779616800,0.192,0.193,0.191,0.192,14653.94
1779620400,0.192,0.192,0.191,0.191,4573.38
1779624000,0.191,0.191,0.189,0.189,23175.3
1779627600,0.189,0.189,0.187,0.188,9310.03
1779631200,0.188,0.188,0.186,0.188,324939.34
1779634800,0.188,0.188,0.188,0.188,56857.35
1779638400,0.188,0.189,0.188,0.189,24504.92
1779645600,0.189,0.189,0.188,0.188,1539.25
1779649200,0.188,0.188,0.187,0.187,3245.29
1779652800,0.187,0.187,0.186,0.186,53120.18
1779656400,0.185,0.185,0.183,0.184,119725.03
1779660000,0.185,0.187,0.184,0.187,42582.64
1779667200,0.188,0.188,0.188,0.188,38662.39
1779670800,0.188,0.188,0.187,0.187,6096.34
1779674400,0.188,0.188,0.186,0.186,16854.58
1779678000,0.186,0.187,0.186,0.187,6466.25
1779681600,0.188,0.189,0.188,0.189,3519.41
1779685200,0.189,0.19,0.189,0.19,138261.2
1779688800,0.189,0.19,0.189,0.19,132768.39
1779692400,0.19,0.19,0.189,0.19,53111.01
1779696000,0.189,0.19,0.189,0.19,27557.44
1779699600,0.19,0.191,0.19,0.191,6750.84
1779703200,0.191,0.192,0.191,0.192,10686.05
1779706800,0.192,0.193,0.191,0.191,27152.89
1779710400,0.191,0.193,0.191,0.193,14258.4
1779714000,0.193,0.194,0.193,0.194,6417.1
1779717600,0.194,0.196,0.194,0.195,51882.07
1779721200,0.195,0.198,0.195,0.198,353261.39
1779724800,0.198,0.199,0.196,0.198,93569.26
1779728400,0.198,0.198,0.196,0.196,22024.11
1779732000,0.196,0.196,0.195,0.195,20669.23
1779735600,0.195,0.196,0.195,0.196,64930.85
1779739200,0.196,0.196,0.195,0.195,41367.64
1779742800,0.195,0.195,0.195,0.195,65254.14
1779746400,0.195,0.195,0.192,0.193,398317.41
1779750000,0.193,0.194,0.193,0.194,16457.04
1779753600,0.193,0.193,0.19,0.191,202894.26
1779757200,0.19,0.191,0.189,0.189,206745.22
1779760800,0.189,0.19,0.189,0.19,100373.23
1779764400,0.19,0.191,0.189,0.19,118280.82
1779768000,0.191,0.192,0.191,0.192,31083.11
1779771600,0.192,0.195,0.192,0.194,38997.58
1779775200,0.194,0.196,0.194,0.195,125083.62
1779778800,0.194,0.194,0.193,0.194,73372.45
1779782400,0.194,0.195,0.194,0.194,206976.29
1779786000,0.194,0.195,0.194,0.195,24938.18
1779789600,0.194,0.198,0.194,0.198,147111.27
1779793200,0.198,0.198,0.197,0.198,189248.44
1779796800,0.198,0.198,0.197,0.198,170563.11
1779800400,0.198,0.198,0.196,0.198,253862.97
1779804000,0.198,0.199,0.197,0.197,76183.32
1779807600,0.197,0.197,0.194,0.196,227719.08
1779811200,0.196,0.196,0.194,0.195,126982.93
1779814800,0.195,0.195,0.191,0.194,211934.4
1779818400,0.194,0.195,0.192,0.192,117096.48
1779822000,0.192,0.194,0.192,0.194,26041.72
1779825600,0.194,0.194,0.193,0.193,8508.3
1779829200,0.193,0.194,0.193,0.193,17002.69
1779832800,0.192,0.194,0.192,0.194,106196.21
1779836400,0.194,0.194,0.194,0.194,140100.11
1779840000,0.195,0.196,0.194,0.196,187960.06
1779843600,0.195,0.196,0.194,0.194,103184.12
1779847200,0.194,0.194,0.192,0.193,67831.58
1779850800,0.193,0.194,0.191,0.192,248425.29
1779854400,0.192,0.192,0.189,0.192,199061.77
1779858000,0.192,0.194,0.192,0.194,259725.58
1779861600,0.194,0.195,0.194,0.195,31178.97
1779865200,0.195,0.196,0.193,0.194,116140.83
1779868800,0.194,0.195,0.193,0.193,121939.62
1779872400,0.193,0.193,0.192,0.193,137375.78
1779876000,0.193,0.193,0.193,0.193,43205.44
1779879600,0.193,0.193,0.192,0.192,74475.03
1779883200,0.192,0.196,0.192,0.195,335997.22
1779886800,0.195,0.195,0.191,0.193,535125.15
1779890400,0.193,0.194,0.191,0.193,54098.58
1779894000,0.193,0.195,0.193,0.194,312021.92
1779897600,0.194,0.195,0.193,0.193,134418.54
1779901200,0.193,0.193,0.189,0.189,285235.66
1779904800,0.189,0.192,0.189,0.192,237086.25
1779908400,0.192,0.193,0.192,0.192,248217.13
1779912000,0.192,0.193,0.192,0.192,20649.97
1779915600,0.192,0.192,0.185,0.187,310790.12
1779919200,0.187,0.188,0.186,0.186,279621.32
1779922800,0.186,0.187,0.186,0.186,74934.74
1779926400,0.187,0.187,0.187,0.187,102599.18
1779930000,0.187,0.187,0.184,0.186,276044.17
1779933600,0.186,0.186,0.184,0.184,137183.31
1779937200,0.184,0.184,0.178,0.178,976157.96
1779940800,0.178,0.178,0.175,0.178,473918.39
1779944400,0.177,0.177,0.175,0.177,401197.02
1779948000,0.176,0.178,0.176,0.177,23338.47
1779951600,0.177,0.179,0.177,0.179,154515.18
1779955200,0.179,0.179,0.177,0.177,45579.47
1779958800,0.178,0.178,0.177,0.178,80874.91
1779962400,0.178,0.178,0.176,0.177,124485.37
1779966000,0.176,0.176,0.175,0.176,60861.4
1779969600,0.176,0.177,0.175,0.177,381307.15
1779973200,0.177,0.177,0.175,0.175,380332.78
1779976800,0.174,0.176,0.173,0.176,1871338.72
1779980400,0.175,0.176,0.174,0.176,102341.73
1779984000,0.176,0.18,0.176,0.179,102153.44
1779987600,0.179,0.183,0.179,0.183,129993.93
1779991200,0.183,0.185,0.182,0.184,287236.53
1779994800,0.184,0.186,0.183,0.184,123620.55
1779998400,0.184,0.187,0.182,0.185,513796.18
1780002000,0.185,0.187,0.184,0.185,363784.19
1780005600,0.185,0.185,0.182,0.183,87037.74
1780009200,0.183,0.185,0.183,0.185,81311.93
1780012800,0.185,0.185,0.184,0.184,32859.77
1780016400,0.185,0.185,0.184,0.184,241139.55
1780020000,0.184,0.185,0.183,0.183,89008.19
1780023600,0.184,0.185,0.184,0.184,22111.05
1780027200,0.184,0.185,0.182,0.185,301324.05
1780030800,0.185,0.185,0.184,0.185,192407.3
1780034400,0.185,0.186,0.185,0.186,23321.17
1780038000,0.186,0.187,0.185,0.186,808778.36
1780041600,0.186,0.187,0.186,0.186,59142.72
1780045200,0.186,0.188,0.186,0.188,137420.99
1780048800,0.189,0.189,0.186,0.187,129761.86
1780052400,0.187,0.187,0.184,0.184,115851.79
1780056000,0.184,0.184,0.183,0.183,241756.72
1780059600,0.183,0.183,0.182,0.183,347987.81
1780063200,0.183,0.184,0.18,0.183,411866.92
1780066800,0.184,0.191,0.184,0.19,501126.48
1780070400,0.19,0.193,0.189,0.191,234834.47
1780074000,0.191,0.192,0.19,0.191,128117.8
1780077600,0.191,0.192,0.187,0.189,114451.11
1780081200,0.189,0.19,0.186,0.188,61554.51
1780084800,0.188,0.189,0.188,0.189,346954.8
1780088400,0.188,0.189,0.186,0.186,246289.64
1780092000,0.186,0.187,0.186,0.187,186679.03
1780095600,0.188,0.188,0.187,0.187,102291.79
1780099200,0.187,0.189,0.186,0.188,32993.91
1780102800,0.188,0.191,0.188,0.191,54558.1
1780106400,0.192,0.195,0.191,0.195,457011.38
1780110000,0.194,0.194,0.191,0.192,396767.95
1780113600,0.192,0.192,0.188,0.189,329239.72
1780117200,0.189,0.191,0.189,0.191,160910.26
1780120800,0.191,0.192,0.19,0.19,64959.44
1780124400,0.19,0.191,0.19,0.191,140642.14
1780128000,0.192,0.192,0.19,0.19,45305.31
1780131600,0.19,0.191,0.19,0.191,36110.25
1780135200,0.191,0.192,0.191,0.192,115688.87
1780138800,0.191,0.192,0.19,0.191,42412.29
1780142400,0.191,0.192,0.191,0.192,90654.68
1780146000,0.192,0.192,0.19,0.192,127575.41
1780149600,0.191,0.193,0.191,0.191,42179.45
1780153200,0.192,0.193,0.191,0.191,230633.44
1780156800,0.191,0.192,0.191,0.192,117402.87
1780160400,0.192,0.192,0.191,0.192,258673.97
1780164000,0.192,0.193,0.191,0.193,36690.22
1780167600,0.192,0.193,0.191,0.192,98512.98
1780171200,0.192,0.193,0.192,0.192,14360.93
1780174800,0.192,0.193,0.191,0.191,4870.05
1780178400,0.191,0.191,0.19,0.19,61644.51
1780182000,0.19,0.19,0.19,0.19,241467.51
1780185600,0.19,0.191,0.19,0.191,42497.01
1780189200,0.191,0.191,0.19,0.19,4331.58
1780192800,0.191,0.192,0.19,0.191,74295.52
1780196400,0.192,0.192,0.191,0.192,70428.6
1780200000,0.192,0.192,0.192,0.192,75242.88
1780203600,0.192,0.192,0.191,0.191,227600.81
1780207200,0.19,0.191,0.19,0.191,62088.92
1780210800,0.191,0.191,0.19,0.19,25324.5
1780214400,0.19,0.19,0.19,0.19,116848.24
1780218000,0.19,0.191,0.189,0.189,127626.11
1780221600,0.189,0.19,0.189,0.19,102953.18
1780225200,0.19,0.19,0.19,0.19,75620.61
1780228800,0.19,0.191,0.19,0.19,29770.73
1780232400,0.19,0.191,0.189,0.189,66872.39
1780236000,0.189,0.189,0.186,0.186,469323.17
1780239600,0.186,0.188,0.186,0.187,86852.58
1780243200,0.187,0.187,0.185,0.185,60752.01
1780246800,0.186,0.187,0.185,0.187,186161.95
1780250400,0.187,0.188,0.187,0.188,80025.24
1780254000,0.188,0.188,0.186,0.187,76471.08
1780257600,0.187,0.189,0.187,0.189,270787.8
1780261200,0.189,0.192,0.189,0.192,225010.58
1780264800,0.192,0.192,0.191,0.192,227452.58
1780268400,0.192,0.193,0.19,0.192,144202.85
1780272000,0.192,0.195,0.192,0.193,183519.49
1780275600,0.193,0.193,0.19,0.19,208828.1
1780279200,0.19,0.194,0.19,0.194,372815.47
1780282800,0.194,0.194,0.193,0.193,460556.27
1780286400,0.193,0.193,0.191,0.191,154438.11
1780290000,0.191,0.191,0.189,0.189,173856.92
1780293600,0.189,0.189,0.187,0.187,85492.98
1780297200,0.187,0.187,0.185,0.185,245211.23
1780300800,0.185,0.187,0.185,0.187,302329.23
1780304400,0.187,0.188,0.186,0.187,125069.05
1780308000,0.186,0.187,0.185,0.187,158505.59
1780311600,0.187,0.187,0.185,0.186,83715.9
1780315200,0.186,0.186,0.184,0.185,134956.64
1780318800,0.185,0.185,0.183,0.183,617391.59
1780322400,0.184,0.184,0.182,0.183,422664.31
1780326000,0.183,0.184,0.182,0.183,491157.26
1780329600,0.183,0.187,0.182,0.187,248859.53
1780333200,0.187,0.19,0.187,0.189,293246.08
1780336800,0.189,0.192,0.189,0.19,278360.71
1780340400,0.19,0.193,0.19,0.192,222404.4
1780344000,0.192,0.193,0.191,0.192,250126.55
1780347600,0.192,0.192,0.19,0.19,72151.27
1780351200,0.19,0.191,0.189,0.191,182913.56
1780354800,0.191,0.192,0.191,0.192,246603.75
1780358400,0.192,0.192,0.19,0.19,136959.83
1780362000,0.19,0.191,0.187,0.187,124000.99
1780365600,0.187,0.19,0.186,0.19,294551.25
1780369200,0.19,0.192,0.189,0.191,111467.73
1780372800,0.191,0.192,0.19,0.19,121744.13
1780376400,0.19,0.19,0.187,0.187,92657.22
1780380000,0.188,0.188,0.186,0.186,33991.47
1780383600,0.185,0.188,0.185,0.187,64625.91
1780387200,0.187,0.187,0.187,0.187,159024.09
1780390800,0.187,0.188,0.186,0.186,100199.88
1780394400,0.187,0.188,0.187,0.188,12310.99
1780398000,0.188,0.188,0.187,0.188,305953.95
1780401600,0.187,0.189,0.187,0.188,119537.58
1780405200,0.189,0.19,0.187,0.187,61908.62
1780408800,0.187,0.187,0.179,0.181,290239.13
1780412400,0.18,0.181,0.176,0.178,413863.15
1780416000,0.178,0.182,0.178,0.181,139784.42
1780419600,0.182,0.184,0.182,0.183,59624.54
1780423200,0.183,0.183,0.179,0.179,67173.05
1780426800,0.179,0.179,0.174,0.177,342469.33
1780430400,0.177,0.179,0.176,0.179,129178.93
1780434000,0.179,0.18,0.178,0.178,130757.96
1780437600,0.177,0.178,0.173,0.174,237054.02
1780441200,0.174,0.176,0.17,0.175,721827.05
1780444800,0.175,0.177,0.175,0.177,101757.47
1780448400,0.176,0.178,0.176,0.178,312702.54
1780452000,0.177,0.179,0.177,0.179,86716.29
1780455600,0.179,0.179,0.172,0.173,503498.75
1780459200,0.174,0.178,0.174,0.178,263068.56
1780462800,0.179,0.182,0.179,0.182,208817.61
1780466400,0.182,0.185,0.182,0.184,164399.37
1780470000,0.184,0.188,0.184,0.187,313423.12
1780473600,0.187,0.188,0.184,0.185,209495.65
1780477200,0.184,0.185,0.183,0.185,170479.15
1780480800,0.185,0.19,0.185,0.19,440010.86
1780484400,0.19,0.191,0.187,0.188,194781.61
1780488000,0.188,0.191,0.187,0.191,172532.86
1780491600,0.191,0.193,0.188,0.189,252522.97
1780495200,0.188,0.19,0.187,0.19,237984.2
1780498800,0.19,0.19,0.187,0.187,405331.75
1780502400,0.187,0.187,0.181,0.185,464523.43
1780506000,0.184,0.189,0.183,0.188,297044.8
1780509600,0.189,0.189,0.186,0.189,194649.42
1780513200,0.189,0.189,0.185,0.185,212536.48
1780516800,0.184,0.188,0.182,0.183,440291.46
1780520400,0.183,0.192,0.183,0.192,1029579.26
1780524000,0.191,0.196,0.19,0.19,456728.61
1780527600,0.19,0.191,0.189,0.191,255733.21
1780531200,0.191,0.191,0.185,0.186,388509.81
1780534800,0.187,0.187,0.174,0.175,697713.03
1780538400,0.175,0.175,0.165,0.175,992486.82
1780542000,0.176,0.182,0.176,0.182,212368.85
1780545600,0.182,0.184,0.18,0.18,149828.17
1780549200,0.179,0.179,0.174,0.175,463456.04
1780552800,0.175,0.179,0.175,0.176,209232.65
1780556400,0.176,0.176,0.172,0.172,163505.96
1780560000,0.172,0.172,0.17,0.171,828160.06
1780563600,0.171,0.171,0.166,0.168,345632.76
1780567200,0.168,0.168,0.164,0.165,277083.26
1780570800,0.164,0.167,0.164,0.167,218853.18
1780574400,0.167,0.173,0.164,0.172,734091.54
1780578000,0.172,0.173,0.168,0.173,142110.71
1780581600,0.172,0.174,0.171,0.174,152270.57
1780585200,0.174,0.18,0.173,0.179,205921.97
1780588800,0.179,0.179,0.175,0.177,156013.8
1780592400,0.177,0.177,0.173,0.174,154666.87
1780596000,0.173,0.178,0.171,0.177,115882.03
1780599600,0.177,0.179,0.175,0.176,134236.91
1780603200,0.176,0.176,0.172,0.172,159697.7
1780606800,0.172,0.173,0.165,0.165,395886.45
1780610400,0.165,0.167,0.164,0.167,538496.08
1780614000,0.167,0.169,0.165,0.167,192268.7
1780617600,0.167,0.167,0.164,0.164,125497.02
1780621200,0.162,0.166,0.16,0.165,975273.14
1780624800,0.165,0.165,0.158,0.159,507184.59
1780628400,0.159,0.161,0.158,0.158,249633.48
1780632000,0.158,0.164,0.158,0.164,257671.17
1780635600,0.164,0.165,0.159,0.159,455170.26
1780639200,0.159,0.159,0.15,0.155,768090.82
1780642800,0.155,0.16,0.152,0.16,348102.77
1780646400,0.16,0.16,0.155,0.155,373282.93
1780650000,0.156,0.159,0.156,0.159,288692.05
1780653600,0.159,0.159,0.157,0.157,327419.6
1780657200,0.157,0.158,0.156,0.156,697656.32
1780660800,0.155,0.156,0.154,0.156,438859.97
1780664400,0.157,0.159,0.151,0.152,342287.21
1780668000,0.152,0.158,0.15,0.155,635969.85
1780671600,0.155,0.155,0.151,0.152,560923.28
1780675200,0.151,0.155,0.148,0.155,492807.44
1780678800,0.155,0.155,0.152,0.155,299776.24
1780682400,0.155,0.156,0.146,0.146,569807.16
1780686000,0.146,0.153,0.145,0.151,768764.11
1780689600,0.152,0.156,0.149,0.156,526153.23
1780693200,0.156,0.156,0.154,0.155,354593.4
1780696800,0.154,0.155,0.153,0.155,259229.8
1780700400,0.155,0.155,0.151,0.154,229639.56
1780704000,0.154,0.155,0.153,0.154,254501.9
1780707600,0.154,0.154,0.151,0.151,424633.09
1780711200,0.151,0.152,0.15,0.15,316720.65
1780714800,0.15,0.15,0.149,0.149,187550.97
1780718400,0.149,0.149,0.141,0.141,1043418.76
1780722000,0.141,0.149,0.139,0.149,661538.41
1780725600,0.149,0.151,0.148,0.149,173195.36
1780729200,0.149,0.153,0.149,0.152,77156.71
1780732800,0.152,0.153,0.152,0.153,159143.83
1780736400,0.153,0.153,0.15,0.15,86510.82
1780740000,0.149,0.149,0.148,0.149,345886.86
1780743600,0.149,0.151,0.149,0.151,82493.02
1780747200,0.151,0.152,0.15,0.152,81409.46
1780750800,0.153,0.153,0.152,0.153,54874.76
1780754400,0.153,0.155,0.153,0.153,49538.11
1780758000,0.153,0.153,0.151,0.152,208513.03
1780761600,0.152,0.152,0.15,0.151,330083.99
1780765200,0.151,0.151,0.149,0.149,105924.54
1780768800,0.15,0.152,0.15,0.152,83412.54
1780772400,0.151,0.151,0.149,0.15,114748.89
1780776000,0.149,0.15,0.149,0.15,171015.31
1780779600,0.15,0.151,0.15,0.15,133637.3
1780783200,0.15,0.151,0.15,0.151,86990.14
1780786800,0.152,0.153,0.152,0.152,115997.01
1780790400,0.152,0.153,0.152,0.153,470988.33
1780794000,0.153,0.157,0.153,0.157,350492.48
1780797600,0.157,0.157,0.155,0.155,133798.94
1780801200,0.155,0.156,0.155,0.156,41342.96
1780804800,0.155,0.157,0.155,0.157,60530.83
1780808400,0.157,0.158,0.156,0.156,345151.43
1780812000,0.156,0.158,0.156,0.157,118388.7
1780815600,0.157,0.158,0.157,0.157,136956.58
1780819200,0.157,0.161,0.157,0.161,392172.59
1780822800,0.161,0.161,0.158,0.158,159144.08
1780826400,0.158,0.159,0.158,0.158,206744.62
1780830000,0.158,0.161,0.158,0.16,46242.83
1780833600,0.16,0.161,0.156,0.157,298101.99
1780837200,0.157,0.158,0.157,0.157,51512.12
1780840800,0.158,0.16,0.158,0.159,473183.64
1780844400,0.159,0.159,0.158,0.158,326412.87
1780848000,0.158,0.159,0.158,0.159,161012.61
1780851600,0.159,0.16,0.159,0.159,211606.62
1780855200,0.159,0.159,0.157,0.157,93088.05
1780858800,0.157,0.157,0.153,0.154,339585.17
1780862400,0.154,0.157,0.154,0.156,199769.27
1780866000,0.156,0.156,0.155,0.156,48112.63
1780869600,0.156,0.166,0.156,0.159,579565.52
1780873200,0.159,0.159,0.158,0.158,369884.95
1780876800,0.158,0.16,0.158,0.159,202177.84
1780880400,0.159,0.159,0.156,0.158,172990.03
1780884000,0.158,0.159,0.158,0.158,266592.96
1780887600,0.158,0.158,0.158,0.158,32865.94
1780891200,0.158,0.158,0.155,0.156,133353.28
1780894800,0.156,0.156,0.155,0.156,96431.14
1780898400,0.157,0.158,0.156,0.157,79650.63
1780902000,0.157,0.159,0.157,0.158,278147.26
1780905600,0.157,0.158,0.157,0.158,7107.93
1780909200,0.158,0.16,0.158,0.16,35973.79
1780912800,0.16,0.161,0.159,0.161,144289.23
1780916400,0.161,0.163,0.161,0.163,103224.27
1780920000,0.163,0.164,0.16,0.163,322086.79
1780923600,0.163,0.164,0.162,0.162,66450.42
1780927200,0.162,0.163,0.162,0.163,137865.58
1780930800,0.163,0.164,0.163,0.164,439038.6
1780934400,0.164,0.164,0.162,0.162,152117.1
1780938000,0.162,0.163,0.161,0.163,190090.35
1780941600,0.163,0.163,0.162,0.162,77300.47
1780945200,0.162,0.162,0.16,0.161,21791.56
1780948800,0.161,0.162,0.16,0.162,91208.82
1780952400,0.162,0.163,0.16,0.16,109318.05
1780956000,0.16,0.16,0.159,0.16,71674.49
1780959600,0.16,0.16,0.158,0.159,279548.87
1780963200,0.158,0.158,0.154,0.154,223043.44
1780966800,0.154,0.156,0.154,0.155,158901.44
1780970400,0.155,0.155,0.154,0.155,112518.48
1780974000,0.155,0.155,0.155,0.155,233389.53
1780977600,0.155,0.159,0.155,0.158,327816.72
1780981200,0.158,0.159,0.158,0.159,192693.48
1780984800,0.159,0.16,0.159,0.159,92872.69
1780988400,0.159,0.159,0.157,0.157,23211.32
1780992000,0.157,0.158,0.157,0.158,63.89
1780995600,0.158,0.158,0.156,0.156,101099.43
1780999200,0.156,0.156,0.156,0.156,26594.13
1781002800,0.156,0.157,0.156,0.157,15747.77
1781006400,0.157,0.158,0.157,0.158,77477.86
1781010000,0.159,0.159,0.157,0.158,168508.23
1781013600,0.157,0.157,0.154,0.156,406608.0
1781017200,0.156,0.156,0.153,0.153,432684.74
1781020800,0.152,0.154,0.151,0.154,219356.51
1781024400,0.154,0.157,0.154,0.155,703950.54
1781028000,0.155,0.156,0.155,0.156,112597.11
1781031600,0.156,0.157,0.155,0.155,155019.95
1781035200,0.157,0.157,0.156,0.157,49162.18
1781038800,0.156,0.156,0.155,0.155,48611.2
1781042400,0.155,0.155,0.155,0.155,28177.94
1781046000,0.155,0.155,0.154,0.154,399192.23
1781049600,0.155,0.155,0.153,0.154,566881.91
1781053200,0.155,0.155,0.153,0.154,211693.61
1781056800,0.154,0.154,0.152,0.152,267921.56
1781060400,0.152,0.153,0.152,0.153,20683.28
1781064000,0.152,0.152,0.151,0.152,157360.39
1781067600,0.151,0.152,0.151,0.152,182230.12
1781071200,0.152,0.153,0.152,0.153,128351.83
1781074800,0.153,0.154,0.153,0.153,42708.11
1781078400,0.152,0.152,0.151,0.151,299130.15
1781082000,0.151,0.152,0.15,0.151,398762.65
1781085600,0.15,0.152,0.15,0.151,55539.89
1781089200,0.152,0.152,0.149,0.149,539343.83
1781092800,0.149,0.153,0.149,0.152,286392.76
1781096400,0.152,0.155,0.152,0.154,575237.58
1781100000,0.154,0.154,0.153,0.153,460755.08
1781103600,0.153,0.154,0.152,0.153,782009.12
1781107200,0.153,0.153,0.151,0.152,528691.43
1781110800,0.152,0.152,0.15,0.151,129800.66
1781114400,0.151,0.151,0.149,0.15,272004.81
1781118000,0.15,0.151,0.148,0.148,679430.49
1781121600,0.148,0.149,0.147,0.147,262597.71
1781125200,0.147,0.147,0.145,0.145,229715.4
1781128800,0.145,0.147,0.145,0.146,266373.95
1781132400,0.147,0.148,0.146,0.148,235272.11
1781136000,0.148,0.149,0.147,0.148,484966.87
1781139600,0.148,0.15,0.148,0.15,42330.49
1781143200,0.15,0.15,0.149,0.149,165025.53
1781146800,0.149,0.153,0.149,0.152,264678.18
1781150400,0.152,0.154,0.152,0.153,149634.22
1781154000,0.153,0.153,0.152,0.152,63120.57
1781157600,0.152,0.153,0.152,0.152,162660.12
1781161200,0.153,0.153,0.152,0.153,11435.77
1781164800,0.153,0.154,0.153,0.154,112792.8
1781168400,0.154,0.154,0.153,0.154,208999.32
1781172000,0.154,0.154,0.154,0.154,111570.46
1781175600,0.154,0.155,0.154,0.155,24359.96
1781179200,0.155,0.155,0.153,0.154,344441.66
1781182800,0.154,0.155,0.154,0.154,214156.17
1781186400,0.154,0.155,0.154,0.154,379384.29
1781190000,0.153,0.155,0.153,0.155,231079.05
1781193600,0.155,0.155,0.154,0.154,401905.75
1781197200,0.154,0.16,0.154,0.159,558384.5
1781200800,0.159,0.159,0.156,0.158,297517.62
1781204400,0.157,0.158,0.157,0.158,203567.97
1781208000,0.157,0.158,0.156,0.158,106897.71
1781211600,0.158,0.158,0.158,0.158,148950.76
1781215200,0.158,0.158,0.157,0.158,277416.91
1781218800,0.157,0.158,0.157,0.157,317911.08
1781222400,0.157,0.158,0.157,0.157,257183.25
1781226000,0.157,0.157,0.156,0.157,261316.73
1781229600,0.157,0.157,0.157,0.157,128081.71
1781233200,0.157,0.158,0.157,0.158,285834.25
1781236800,0.158,0.158,0.157,0.157,72523.15
1781240400,0.157,0.157,0.156,0.156,143008.92
1781244000,0.156,0.156,0.155,0.155,177105.11
1781247600,0.155,0.156,0.155,0.156,194842.96
1781251200,0.156,0.158,0.156,0.158,204065.88
1781254800,0.158,0.159,0.158,0.159,379470.05
1781258400,0.159,0.159,0.158,0.159,197708.45
1781262000,0.159,0.159,0.158,0.159,300425.01
1781265600,0.159,0.16,0.159,0.159,391290.41
1781269200,0.159,0.159,0.156,0.158,210027.97
1781272800,0.158,0.161,0.158,0.161,354731.34
1781276400,0.161,0.161,0.157,0.157,544161.06
1781280000,0.157,0.16,0.157,0.16,654662.88
1781283600,0.16,0.16,0.158,0.158,697138.14
1781287200,0.158,0.159,0.158,0.158,145535.72
1781290800,0.158,0.159,0.158,0.158,229459.73
1781294400,0.158,0.159,0.157,0.159,291367.01
1781298000,0.158,0.159,0.157,0.157,84413.54
1781301600,0.157,0.158,0.157,0.157,56429.56
1781305200,0.157,0.158,0.157,0.158,346383.31
1781308800,0.157,0.158,0.157,0.158,201124.01
1781312400,0.158,0.16,0.157,0.16,181363.88
1781316000,0.159,0.159,0.159,0.159,38142.96
1781319600,0.158,0.159,0.158,0.158,84501.13
1781323200,0.158,0.158,0.158,0.158,50958.91
1781326800,0.158,0.158,0.157,0.158,107650.28
1781330400,0.158,0.159,0.158,0.159,106053.77
1781334000,0.159,0.161,0.158,0.161,431269.8
1781337600,0.161,0.161,0.16,0.161,27533.01
1781341200,0.162,0.162,0.161,0.161,14229.75
1781344800,0.161,0.161,0.161,0.161,8074.45
1781348400,0.161,0.163,0.161,0.163,279092.2
1781352000,0.163,0.164,0.162,0.162,295624.67
1781355600,0.162,0.162,0.162,0.162,49249.25
1781359200,0.162,0.163,0.162,0.162,64770.96
1781362800,0.162,0.163,0.162,0.162,129775.57
1781366400,0.162,0.162,0.16,0.161,229205.61
1781370000,0.161,0.162,0.161,0.161,125443.41
1781373600,0.16,0.162,0.16,0.161,92575.77
1781377200,0.16,0.161,0.16,0.161,47552.3
1781380800,0.161,0.161,0.161,0.161,173.33
1781384400,0.16,0.162,0.16,0.162,90914.74
1781388000,0.162,0.162,0.16,0.16,36921.83
1781395200,0.16,0.161,0.16,0.16,117338.39
1781398800,0.16,0.161,0.16,0.16,189425.29
1781402400,0.16,0.16,0.16,0.16,78614.54
1781406000,0.16,0.16,0.16,0.16,63505.58
1781409600,0.16,0.16,0.158,0.158,209987.81
1781413200,0.158,0.159,0.158,0.159,120422.88
1781416800,0.16,0.16,0.158,0.158,71888.83
1781420400,0.158,0.159,0.158,0.159,71234.48
1781424000,0.159,0.159,0.158,0.158,319666.02
1781427600,0.158,0.159,0.158,0.159,62579.73
1781431200,0.159,0.159,0.159,0.159,49730.39
1781434800,0.159,0.159,0.159,0.159,37.5
1781438400,0.159,0.159,0.157,0.157,13597.69
1781442000,0.157,0.157,0.157,0.157,52799.89
1781445600,0.157,0.157,0.155,0.156,128734.15
1781449200,0.157,0.157,0.156,0.156,14948.94
1781452800,0.156,0.157,0.156,0.157,125509.0
1781456400,0.156,0.157,0.155,0.155,147550.48
1781460000,0.156,0.156,0.155,0.156,33710.01
1781463600,0.157,0.157,0.156,0.157,92866.37
1781467200,0.157,0.158,0.157,0.158,16333.0
1781470800,0.158,0.165,0.158,0.163,890655.29
1781474400,0.163,0.164,0.162,0.162,669517.56
1781478000,0.162,0.165,0.162,0.165,264404.08
1781481600,0.165,0.167,0.164,0.165,289312.99
1781485200,0.164,0.166,0.164,0.165,272076.1
1781488800,0.165,0.167,0.165,0.166,64505.15
1781492400,0.166,0.166,0.166,0.166,64807.87
1781496000,0.166,0.167,0.166,0.166,47522.98
1781499600,0.166,0.167,0.166,0.167,216081.9
1781503200,0.167,0.167,0.166,0.167,129063.84
1781506800,0.167,0.167,0.167,0.167,21250.32
1781510400,0.167,0.167,0.167,0.167,96535.13
1781514000,0.168,0.168,0.166,0.167,232043.74
1781517600,0.167,0.168,0.166,0.168,160063.05
1781521200,0.168,0.17,0.168,0.17,221094.94
1781524800,0.17,0.171,0.169,0.17,409738.76
1781528400,0.17,0.173,0.17,0.173,366717.02
1781532000,0.173,0.175,0.173,0.174,504856.11
1781535600,0.174,0.175,0.171,0.174,333226.67
1781539200,0.174,0.175,0.173,0.173,290159.85
1781542800,0.172,0.174,0.171,0.172,594977.27
1781546400,0.172,0.172,0.171,0.171,223926.87
1781550000,0.171,0.171,0.168,0.169,232146.9
1781553600,0.169,0.17,0.168,0.169,262710.92
1781557200,0.168,0.169,0.168,0.169,86719.07
1781560800,0.169,0.169,0.166,0.167,217647.46
1781564400,0.167,0.169,0.167,0.169,339408.99
1781568000,0.168,0.168,0.168,0.168,210878.0
1781571600,0.168,0.169,0.167,0.167,377478.29
1781575200,0.167,0.168,0.165,0.166,190271.6
1781578800,0.166,0.168,0.166,0.168,93315.91
1781582400,0.168,0.168,0.166,0.167,165401.44
1781586000,0.167,0.168,0.167,0.168,162516.98
1781589600,0.168,0.168,0.167,0.168,108315.04
1781593200,0.168,0.17,0.168,0.17,112149.14
1781596800,0.17,0.172,0.17,0.172,61389.46
1781600400,0.172,0.172,0.171,0.171,160153.74
1781604000,0.171,0.171,0.171,0.171,66434.54
1781607600,0.171,0.171,0.169,0.17,131399.63
1781611200,0.17,0.172,0.17,0.171,117401.27
1781614800,0.171,0.171,0.168,0.169,294981.84
1781618400,0.169,0.169,0.165,0.167,253902.38
1781622000,0.167,0.168,0.167,0.168,148701.71
1781625600,0.168,0.168,0.166,0.167,99124.68
1781629200,0.167,0.169,0.167,0.169,473810.4
1781632800,0.17,0.17,0.168,0.168,198393.12
1781636400,0.168,0.168,0.168,0.168,180517.41
1781640000,0.168,0.171,0.168,0.17,177239.59
1781643600,0.17,0.171,0.17,0.171,280175.86
1781647200,0.171,0.172,0.17,0.171,43182.53
1781650800,0.171,0.171,0.17,0.171,344482.0
1781654400,0.171,0.171,0.171,0.171,155833.86
1781658000,0.171,0.173,0.171,0.173,180583.93
1781661600,0.174,0.179,0.173,0.178,563065.61
1781665200,0.178,0.179,0.174,0.175,901012.81
1781668800,0.175,0.175,0.175,0.175,210978.47
1781672400,0.175,0.175,0.172,0.174,194263.8
1781676000,0.174,0.174,0.171,0.171,548119.71
1781679600,0.171,0.173,0.17,0.171,394451.04
1781683200,0.17,0.17,0.168,0.168,282551.76
1781686800,0.168,0.168,0.168,0.168,132714.18
1781690400,0.168,0.168,0.167,0.167,82152.3
1781694000,0.167,0.168,0.166,0.167,119672.18
1781697600,0.167,0.168,0.166,0.168,167567.75
1781701200,0.168,0.169,0.167,0.168,195683.09
1781704800,0.168,0.169,0.167,0.169,224257.84
1781708400,0.169,0.173,0.169,0.172,835545.07
1781712000,0.173,0.174,0.172,0.172,352533.29
1781715600,0.172,0.172,0.171,0.172,153771.17
1781719200,0.171,0.173,0.167,0.171,476041.26
1781722800,0.171,0.172,0.166,0.166,627032.29
1781726400,0.166,0.168,0.166,0.168,154990.9
1781730000,0.168,0.168,0.166,0.166,189842.8
1781733600,0.165,0.168,0.164,0.167,207298.46
1781737200,0.168,0.168,0.167,0.167,9244.23
1781740800,0.168,0.169,0.168,0.168,179291.18
1781744400,0.168,0.169,0.167,0.168,94787.82
1781748000,0.168,0.17,0.168,0.169,79152.25
1781751600,0.169,0.169,0.165,0.166,43031.73
1781755200,0.165,0.165,0.163,0.164,288599.41
1781758800,0.164,0.164,0.163,0.164,211214.66
1781762400,0.164,0.165,0.164,0.165,67671.3
1781766000,0.165,0.167,0.165,0.167,111448.08
1781769600,0.167,0.169,0.167,0.167,103010.91
1781773200,0.167,0.168,0.167,0.168,78186.12
1781776800,0.168,0.168,0.167,0.167,105619.49
1781780400,0.167,0.167,0.166,0.167,106092.22
1781784000,0.167,0.168,0.167,0.168,106231.3
1781787600,0.168,0.169,0.164,0.166,303822.58
1781791200,0.166,0.169,0.166,0.166,278644.9
1781794800,0.166,0.167,0.159,0.16,621624.2
1781798400,0.16,0.162,0.16,0.162,298773.4
1781802000,0.161,0.161,0.16,0.161,424736.9
1781805600,0.161,0.162,0.161,0.161,118160.16
1781809200,0.161,0.165,0.161,0.165,295717.16
1781812800,0.165,0.167,0.165,0.166,148992.05
1781816400,0.166,0.166,0.165,0.166,153904.67
1781820000,0.166,0.166,0.166,0.166,59636.45
1781823600,0.166,0.167,0.165,0.167,136630.4
1781827200,0.166,0.167,0.166,0.166,100114.52
1781830800,0.166,0.166,0.165,0.166,185597.81
1781834400,0.166,0.166,0.165,0.166,131609.01
1781838000,0.165,0.165,0.162,0.163,216884.51
1781841600,0.163,0.164,0.161,0.161,231048.06
1781845200,0.161,0.162,0.161,0.162,46264.55
1781848800,0.163,0.163,0.162,0.162,216997.61
1781852400,0.162,0.162,0.161,0.161,7492.14
1781856000,0.161,0.163,0.161,0.162,117954.0
1781859600,0.161,0.161,0.16,0.16,138305.63
1781863200,0.16,0.16,0.159,0.16,267642.71
1781866800,0.16,0.161,0.16,0.16,134510.96
1781870400,0.16,0.161,0.16,0.161,54880.91
1781874000,0.161,0.164,0.161,0.164,235724.62
1781877600,0.164,0.165,0.163,0.163,295088.15
1781881200,0.163,0.164,0.163,0.164,67915.57
1781884800,0.164,0.164,0.161,0.161,107840.35
1781888400,0.161,0.163,0.161,0.163,77388.74
1781892000,0.162,0.162,0.161,0.161,155153.0
1781895600,0.161,0.161,0.16,0.161,35701.92
1781899200,0.161,0.163,0.161,0.162,254428.16
1781902800,0.162,0.162,0.161,0.161,193791.1
1781906400,0.16,0.162,0.16,0.162,40161.49
1781910000,0.162,0.162,0.162,0.162,94015.3
1781913600,0.162,0.163,0.161,0.161,59190.35
1781917200,0.162,0.162,0.162,0.162,92.1
1781920800,0.162,0.162,0.16,0.161,36258.03
1781924400,0.161,0.161,0.161,0.161,359429.63
1781928000,0.161,0.162,0.161,0.162,22729.15
1781931600,0.162,0.165,0.162,0.164,197089.56
1781935200,0.164,0.164,0.164,0.164,173946.1
1781938800,0.164,0.164,0.162,0.162,37221.33
1781942400,0.162,0.163,0.162,0.163,124424.59
1781946000,0.163,0.163,0.163,0.163,38294.14
1781949600,0.163,0.163,0.162,0.162,35379.69
1781953200,0.162,0.163,0.162,0.163,85422.69
1781956800,0.162,0.163,0.162,0.162,56734.81
1781960400,0.162,0.164,0.161,0.162,211213.25
1781964000,0.162,0.163,0.159,0.162,660673.65
1781967600,0.162,0.163,0.162,0.163,94805.92
1781971200,0.162,0.162,0.161,0.161,175823.63
1781974800,0.162,0.162,0.16,0.161,274602.7
1781978400,0.161,0.161,0.16,0.16,133836.12
1781982000,0.16,0.161,0.16,0.16,55089.19
1781985600,0.16,0.161,0.16,0.16,14058.91
1781989200,0.161,0.162,0.16,0.161,87905.58
1781992800,0.162,0.164,0.161,0.163,308923.02
1781996400,0.163,0.164,0.163,0.163,114161.3
1782000000,0.163,0.163,0.162,0.162,49517.61
1782003600,0.162,0.163,0.162,0.163,3310.14
1782007200,0.163,0.163,0.162,0.162,27656.73
1782010800,0.162,0.164,0.162,0.163,67164.05
1782014400,0.163,0.163,0.162,0.162,28217.55
1782021600,0.162,0.162,0.162,0.162,42750.48
1782025200,0.162,0.162,0.162,0.162,113402.46
1782028800,0.162,0.162,0.161,0.162,101247.39
1782032400,0.162,0.164,0.162,0.164,87036.97
1782036000,0.164,0.165,0.163,0.164,33090.82
1782039600,0.163,0.163,0.162,0.162,83338.36
1782043200,0.162,0.163,0.162,0.163,193789.22
1782046800,0.163,0.163,0.163,0.163,99183.71
1782050400,0.163,0.164,0.163,0.164,70636.4
1782054000,0.164,0.168,0.163,0.168,297410.97
1782057600,0.168,0.168,0.165,0.166,362420.57
1782061200,0.166,0.167,0.165,0.165,152485.1
1782064800,0.165,0.166,0.165,0.166,100082.8
1782068400,0.166,0.166,0.165,0.165,108005.8
1782072000,0.165,0.165,0.163,0.163,32963.21
1782075600,0.163,0.163,0.161,0.162,318785.35
1782079200,0.162,0.163,0.161,0.162,243710.39
1782082800,0.161,0.161,0.16,0.161,133569.62
1782086400,0.161,0.163,0.16,0.163,245471.12
1782090000,0.163,0.167,0.163,0.165,199107.66
1782093600,0.165,0.166,0.163,0.163,161807.15
1782097200,0.163,0.164,0.162,0.162,196331.66
1782100800,0.162,0.164,0.162,0.164,54989.66
1782104400,0.163,0.164,0.163,0.164,473.67
1782108000,0.164,0.164,0.163,0.164,66893.26
1782111600,0.164,0.165,0.164,0.165,93008.0
1782115200,0.164,0.166,0.164,0.166,62227.89
1782118800,0.165,0.165,0.164,0.165,48446.87
1782122400,0.165,0.166,0.165,0.166,34653.2
1782126000,0.166,0.17,0.166,0.169,200302.97
1782129600,0.169,0.17,0.168,0.17,432441.78
1782133200,0.169,0.172,0.169,0.172,188329.09
1782136800,0.172,0.172,0.169,0.17,341653.3
1782140400,0.171,0.171,0.168,0.168,348613.19
1782144000,0.168,0.169,0.168,0.169,111560.98
1782147600,0.169,0.169,0.167,0.169,194257.09
1782151200,0.169,0.169,0.166,0.166,183092.6
1782154800,0.165,0.166,0.164,0.165,101719.35
1782158400,0.165,0.165,0.164,0.165,64091.2
1782162000,0.165,0.165,0.164,0.165,12849.36
1782165600,0.165,0.165,0.162,0.163,89380.43
1782169200,0.163,0.163,0.162,0.162,76891.31
1782172800,0.162,0.164,0.162,0.164,56925.53
1782176400,0.165,0.166,0.163,0.165,75422.17
1782180000,0.165,0.166,0.164,0.165,73104.56
1782183600,0.165,0.165,0.164,0.165,269824.14
1782187200,0.165,0.165,0.164,0.164,48673.62
1782190800,0.164,0.164,0.163,0.163,139051.72
1782194400,0.163,0.163,0.158,0.16,299887.36
1782198000,0.16,0.16,0.159,0.159,212331.47
1782201600,0.159,0.159,0.154,0.156,394746.45
1782205200,0.156,0.157,0.155,0.156,301727.67
1782208800,0.156,0.156,0.154,0.154,250602.8
1782212400,0.155,0.157,0.155,0.157,242500.1
1782216000,0.157,0.157,0.156,0.156,154181.42
1782219600,0.156,0.158,0.156,0.158,194354.8
1782223200,0.158,0.159,0.156,0.156,299258.1
1782226800,0.156,0.157,0.154,0.156,204740.07
1782230400,0.155,0.156,0.155,0.155,275944.57
1782234000,0.155,0.156,0.154,0.155,88647.16
1782237600,0.155,0.155,0.155,0.155,118670.9
1782241200,0.156,0.156,0.155,0.156,311054.94
1782244800,0.157,0.158,0.157,0.157,112676.17
1782248400,0.158,0.158,0.158,0.158,44530.62
1782252000,0.158,0.158,0.158,0.158,27742.67
1782255600,0.157,0.158,0.157,0.157,54435.01
1782259200,0.158,0.158,0.157,0.158,115200.78
1782262800,0.157,0.158,0.157,0.157,392924.45
1782266400,0.157,0.157,0.155,0.155,185140.94
1782270000,0.155,0.156,0.155,0.155,74534.84
1782273600,0.155,0.156,0.153,0.156,154518.86
1782277200,0.156,0.157,0.156,0.156,21621.49
1782280800,0.155,0.156,0.155,0.156,1742.01
1782284400,0.155,0.155,0.155,0.155,81304.37
1782288000,0.155,0.155,0.154,0.154,208546.86
1782291600,0.154,0.156,0.154,0.155,328747.83
1782295200,0.155,0.155,0.153,0.154,80782.15
1782298800,0.153,0.156,0.153,0.155,373900.41
1782302400,0.155,0.155,0.153,0.153,153598.39
1782306000,0.153,0.153,0.149,0.15,924865.68
1782309600,0.15,0.152,0.15,0.15,542173.32
1782313200,0.15,0.151,0.147,0.148,252294.29
1782316800,0.147,0.148,0.142,0.144,898481.11
1782320400,0.143,0.145,0.141,0.141,708601.64
1782324000,0.141,0.145,0.141,0.144,240956.8
1782327600,0.144,0.145,0.143,0.145,265490.86
1782331200,0.146,0.148,0.146,0.147,653956.61
1782334800,0.147,0.15,0.146,0.15,194317.15
1782338400,0.151,0.151,0.148,0.149,507515.2
1782342000,0.149,0.149,0.149,0.149,60481.74
1782345600,0.149,0.15,0.148,0.149,501811.13
1782349200,0.149,0.149,0.148,0.149,329352.8
1782352800,0.149,0.149,0.149,0.149,84551.51
1782356400,0.149,0.149,0.148,0.149,111786.37
1782360000,0.149,0.151,0.149,0.151,18474.9
1782363600,0.151,0.154,0.151,0.152,224211.08
1782367200,0.153,0.153,0.151,0.153,16458.13
1782370800,0.152,0.152,0.151,0.151,80380.72
1782374400,0.151,0.151,0.151,0.151,49970.37
1782378000,0.151,0.151,0.15,0.15,43838.89
1782381600,0.15,0.15,0.15,0.15,8993.74
1782385200,0.149,0.15,0.149,0.149,37904.9
1782388800,0.148,0.151,0.147,0.149,577767.83
1782392400,0.149,0.15,0.137,0.139,913066.12
1782396000,0.14,0.146,0.139,0.142,1017523.69
1782399600,0.143,0.144,0.14,0.144,241077.36
1782403200,0.144,0.144,0.14,0.141,172169.82
1782406800,0.141,0.143,0.141,0.143,139489.96
1782410400,0.142,0.143,0.14,0.14,334361.12
1782414000,0.141,0.141,0.139,0.14,274708.06
1782417600,0.141,0.142,0.14,0.14,381481.34
1782421200,0.14,0.143,0.14,0.143,108841.74
1782424800,0.143,0.143,0.142,0.143,62288.05
1782428400,0.143,0.144,0.143,0.144,111693.73
1782432000,0.144,0.144,0.143,0.143,231724.46
1782435600,0.143,0.143,0.141,0.141,186241.49
1782439200,0.141,0.141,0.137,0.138,743965.91
1782442800,0.138,0.143,0.138,0.143,646706.68
1782446400,0.143,0.143,0.143,0.143,46202.69
1782450000,0.143,0.144,0.143,0.143,81131.58
1782453600,0.143,0.146,0.142,0.146,186580.5
1782457200,0.146,0.148,0.146,0.147,129107.72
1782460800,0.147,0.147,0.145,0.145,122980.5
1782464400,0.145,0.145,0.144,0.144,119951.91
1782468000,0.144,0.145,0.143,0.144,50429.99
1782471600,0.144,0.144,0.143,0.144,37195.77
1782475200,0.144,0.146,0.143,0.144,471773.89
1782478800,0.144,0.146,0.143,0.146,977970.98
1782482400,0.146,0.148,0.145,0.145,616125.56
1782486000,0.145,0.149,0.145,0.148,630614.22
1782489600,0.149,0.15,0.148,0.15,455566.73
1782493200,0.15,0.153,0.15,0.152,509422.66
1782496800,0.153,0.155,0.152,0.155,544470.92
1782500400,0.155,0.157,0.153,0.154,1060830.49
1782504000,0.154,0.156,0.154,0.154,870446.42
1782507600,0.153,0.154,0.152,0.153,329140.42
1782511200,0.152,0.153,0.152,0.153,309490.8
1782514800,0.154,0.157,0.154,0.155,645679.44
1782518400,0.155,0.157,0.154,0.156,642491.49
1782522000,0.156,0.159,0.156,0.157,312812.04
1782525600,0.157,0.164,0.157,0.162,309844.94
1782529200,0.162,0.166,0.16,0.163,828841.41
1782532800,0.164,0.167,0.162,0.162,559310.83
1782536400,0.161,0.165,0.16,0.165,355873.19
1782540000,0.165,0.167,0.163,0.165,354862.44
1782543600,0.166,0.169,0.165,0.168,997096.68
1782547200,0.168,0.17,0.166,0.167,332434.58
1782550800,0.167,0.173,0.166,0.173,413952.38
1782554400,0.173,0.173,0.166,0.166,216711.65
1782558000,0.166,0.17,0.164,0.169,206928.23
1782561600,0.169,0.173,0.169,0.173,318431.12
1782565200,0.174,0.174,0.171,0.171,276439.75
1782568800,0.171,0.176,0.171,0.174,450440.99
1782572400,0.175,0.18,0.174,0.178,1207755.34
1782576000,0.179,0.184,0.176,0.18,655209.11
1782579600,0.179,0.179,0.173,0.173,233175.28
1782583200,0.174,0.175,0.172,0.174,265538.94
1782586800,0.173,0.173,0.169,0.169,152028.33
1782590400,0.169,0.169,0.168,0.168,180161.25
1782594000,0.168,0.168,0.166,0.168,50279.29
1782597600,0.167,0.169,0.166,0.167,104787.74
1782601200,0.167,0.167,0.166,0.166,104296.64
1782604800,0.166,0.167,0.165,0.165,54773.03
1782608400,0.165,0.166,0.165,0.166,55949.99
1782612000,0.166,0.166,0.165,0.165,37896.12
1782615600,0.165,0.167,0.165,0.167,58971.81
1782619200,0.166,0.167,0.165,0.165,82292.91
1782622800,0.166,0.169,0.165,0.169,53885.78
1782626400,0.169,0.169,0.165,0.168,202819.11
1782630000,0.168,0.172,0.168,0.17,293085.85
1782633600,0.171,0.173,0.17,0.171,269187.96
1782637200,0.171,0.173,0.171,0.171,154323.16
1782640800,0.171,0.175,0.17,0.175,145898.03
1782644400,0.175,0.178,0.174,0.175,205641.16
1782648000,0.175,0.178,0.174,0.177,196754.94
1782651600,0.176,0.176,0.172,0.173,94686.68
1782655200,0.172,0.176,0.172,0.176,131652.15
1782658800,0.176,0.177,0.174,0.174,112333.47
1782662400,0.174,0.175,0.173,0.175,92661.91
1782666000,0.175,0.176,0.171,0.171,229098.4
1782669600,0.171,0.171,0.17,0.171,52167.13
1782673200,0.171,0.171,0.168,0.169,65420.29
1782676800,0.168,0.171,0.168,0.17,234470.75
1782680400,0.171,0.171,0.169,0.169,64664.5
1782684000,0.17,0.173,0.169,0.17,152728.99
1782687600,0.17,0.174,0.17,0.172,167788.98
1782691200,0.172,0.175,0.171,0.174,389030.1
1782694800,0.174,0.174,0.172,0.173,108153.38
1782698400,0.173,0.178,0.171,0.178,141253.32
1782702000,0.178,0.182,0.178,0.179,128597.82
1782705600,0.178,0.178,0.175,0.175,91969.25
1782709200,0.174,0.176,0.174,0.176,49581.04
1782712800,0.177,0.181,0.177,0.18,223400.31
1782716400,0.18,0.184,0.18,0.182,376141.64
1782720000,0.182,0.183,0.18,0.18,109036.8
1782723600,0.18,0.183,0.18,0.183,96795.04
1782727200,0.183,0.183,0.181,0.181,62680.14
1782730800,0.181,0.181,0.179,0.18,158484.32
1782734400,0.179,0.186,0.179,0.182,202325.19
1782738000,0.182,0.183,0.178,0.18,93122.47
1782741600,0.181,0.181,0.178,0.179,166129.82
1782745200,0.178,0.179,0.176,0.177,223929.94
1782748800,0.177,0.18,0.177,0.18,72186.51
1782752400,0.18,0.186,0.18,0.183,198419.63
1782756000,0.183,0.183,0.181,0.181,96541.44
1782759600,0.181,0.183,0.181,0.181,199827.21
1782763200,0.181,0.182,0.18,0.18,31231.92
1782766800,0.18,0.18,0.179,0.179,17261.89
1782770400,0.179,0.179,0.177,0.177,38853.95
1782774000,0.177,0.177,0.175,0.176,101290.14
1782777600,0.175,0.176,0.172,0.173,132255.58
1782781200,0.173,0.174,0.172,0.172,46927.31
1782784800,0.172,0.174,0.171,0.173,48858.69
1782788400,0.173,0.174,0.173,0.174,34562.12
1782792000,0.174,0.176,0.173,0.174,50734.15
1782795600,0.174,0.175,0.174,0.175,47576.1
1782799200,0.175,0.176,0.175,0.175,59274.75
1782802800,0.175,0.175,0.174,0.174,53959.75
1782806400,0.174,0.174,0.172,0.173,98712.92
1782810000,0.173,0.173,0.172,0.173,73370.77
1782813600,0.173,0.173,0.173,0.173,30213.08
1782817200,0.173,0.173,0.17,0.17,53078.82
1782820800,0.17,0.17,0.167,0.167,140538.1
1782824400,0.167,0.169,0.167,0.169,154817.69
1782828000,0.17,0.171,0.168,0.168,74291.7
1782831600,0.168,0.171,0.168,0.169,134726.96
1782835200,0.169,0.17,0.167,0.17,58378.16
1782838800,0.17,0.17,0.168,0.168,47877.89
1782842400,0.168,0.168,0.167,0.168,142555.75
1782846000,0.168,0.168,0.168,0.168,28501.74
1782849600,0.168,0.168,0.166,0.168,27789.74
1782853200,0.167,0.168,0.167,0.168,107411.83
1782856800,0.168,0.168,0.167,0.167,29244.88
1782860400,0.167,0.167,0.165,0.166,215453.26
1782864000,0.166,0.166,0.164,0.165,823669.89
1782867600,0.164,0.164,0.16,0.161,979014.1
1782871200,0.161,0.163,0.161,0.163,193084.48
1782874800,0.163,0.167,0.163,0.166,288823.49
1782878400,0.167,0.17,0.166,0.168,502813.46
1782882000,0.168,0.169,0.166,0.166,55651.37
1782885600,0.166,0.167,0.163,0.163,228667.84
1782889200,0.162,0.165,0.162,0.165,63009.09
1782892800,0.164,0.166,0.163,0.166,165949.34
1782896400,0.166,0.167,0.165,0.167,42289.48
1782900000,0.166,0.167,0.165,0.166,88748.29
1782903600,0.167,0.167,0.166,0.166,72187.16
1782907200,0.166,0.166,0.165,0.166,146598.68
1782910800,0.166,0.171,0.165,0.17,454584.92
1782914400,0.17,0.175,0.17,0.173,337730.4
1782918000,0.174,0.176,0.174,0.175,118018.45
1782921600,0.175,0.176,0.172,0.172,177474.88
1782925200,0.172,0.173,0.172,0.172,10458.75
1782928800,0.171,0.171,0.17,0.171,42040.16
1782932400,0.171,0.171,0.168,0.168,52393.88
1782936000,0.168,0.169,0.168,0.169,44155.8
1782939600,0.17,0.173,0.17,0.172,68469.15
1782943200,0.172,0.173,0.17,0.17,44232.2
1782946800,0.17,0.17,0.167,0.167,57667.08
1782950400,0.167,0.168,0.166,0.168,50732.53
1782954000,0.168,0.17,0.168,0.169,33233.91
1782957600,0.169,0.171,0.169,0.17,9901.07
1782961200,0.17,0.172,0.17,0.172,100209.27
1782964800,0.172,0.173,0.172,0.172,50177.1
1782968400,0.172,0.172,0.17,0.17,18026.93
1782972000,0.17,0.17,0.17,0.17,30283.65
1782975600,0.169,0.171,0.169,0.171,38269.21
1782979200,0.171,0.173,0.171,0.171,86890.66
1782982800,0.171,0.175,0.171,0.174,37640.46
1782986400,0.174,0.177,0.173,0.177,57866.37
1782990000,0.177,0.18,0.177,0.179,184009.67
1782993600,0.18,0.181,0.177,0.177,290042.2
1782997200,0.177,0.179,0.175,0.179,209137.04
1783000800,0.178,0.178,0.173,0.173,177953.7
1783004400,0.173,0.173,0.171,0.172,397882.2
1783008000,0.172,0.172,0.171,0.172,55930.47
1783011600,0.172,0.174,0.172,0.172,97130.42
1783015200,0.172,0.175,0.172,0.173,57828.3
1783018800,0.173,0.173,0.172,0.172,70778.11
1783022400,0.172,0.172,0.171,0.172,50614.58
1783026000,0.172,0.173,0.172,0.173,41839.2
1783029600,0.173,0.173,0.171,0.172,59933.62
1783033200,0.172,0.173,0.172,0.172,44592.27
1783036800,0.172,0.172,0.171,0.172,18081.56
1783040400,0.172,0.175,0.172,0.174,47798.09
1783044000,0.174,0.174,0.172,0.172,203573.4
1783047600,0.171,0.173,0.171,0.172,32884.83
1783051200,0.172,0.172,0.172,0.172,16972.27
1783054800,0.172,0.173,0.172,0.172,66308.84
1783058400,0.173,0.174,0.173,0.173,110800.91
1783062000,0.173,0.173,0.173,0.173,20467.48
1783065600,0.173,0.173,0.172,0.172,39811.3
1783069200,0.173,0.174,0.173,0.174,22444.57
1783072800,0.174,0.177,0.174,0.176,39289.12
1783076400,0.176,0.179,0.176,0.178,50669.07
1783080000,0.178,0.179,0.176,0.177,107579.96
1783083600,0.178,0.178,0.176,0.177,91046.33
1783087200,0.176,0.178,0.175,0.178,103794.4
1783090800,0.179,0.18,0.177,0.178,169430.23
1783094400,0.179,0.18,0.178,0.178,76393.86
1783098000,0.177,0.178,0.177,0.177,1836.75
1783101600,0.177,0.177,0.176,0.177,19212.19
1783105200,0.177,0.178,0.177,0.178,32621.73
1783108800,0.179,0.181,0.178,0.181,64431.87
1783112400,0.181,0.184,0.179,0.183,170306.91
1783116000,0.183,0.184,0.181,0.183,93976.8
1783119600,0.183,0.183,0.18,0.182,125749.51
1783123200,0.182,0.183,0.18,0.18,90144.3
1783126800,0.179,0.18,0.178,0.18,125134.34
1783130400,0.18,0.181,0.179,0.181,42208.94
1783134000,0.181,0.184,0.181,0.182,226936.83
1783137600,0.182,0.183,0.181,0.182,45176.0
1783141200,0.181,0.181,0.179,0.18,84394.39
1783144800,0.18,0.18,0.177,0.178,23436.38
1783148400,0.177,0.178,0.177,0.178,49157.96
1783152000,0.177,0.177,0.177,0.177,55712.0
1783155600,0.176,0.176,0.173,0.175,185214.82
1783159200,0.175,0.175,0.175,0.175,86994.68
1783162800,0.176,0.177,0.175,0.177,85413.99
1783166400,0.177,0.178,0.177,0.178,10280.65
1783170000,0.177,0.179,0.177,0.179,18557.51
1783173600,0.179,0.179,0.178,0.178,52539.34
1783177200,0.179,0.182,0.179,0.18,191448.01
1783180800,0.18,0.182,0.18,0.181,75824.03
1783184400,0.181,0.183,0.18,0.182,153863.04
1783188000,0.182,0.182,0.181,0.181,18437.44
1783191600,0.18,0.18,0.179,0.179,449196.23
1783195200,0.179,0.179,0.177,0.178,48511.92
1783198800,0.179,0.179,0.177,0.177,21313.47
1783202400,0.177,0.177,0.176,0.176,10974.41
1783206000,0.175,0.176,0.175,0.175,38263.82
1783209600,0.175,0.175,0.175,0.175,13896.56
1783213200,0.175,0.175,0.174,0.174,76433.85
1783216800,0.173,0.174,0.172,0.173,203661.4
1783220400,0.173,0.173,0.172,0.173,37571.17
1783224000,0.173,0.174,0.173,0.173,10507.48
1783227600,0.172,0.172,0.172,0.172,25644.77
1783231200,0.172,0.173,0.172,0.173,2198.69
1783234800,0.173,0.174,0.173,0.174,23523.52
1783238400,0.174,0.174,0.173,0.173,35703.01
1783242000,0.173,0.173,0.171,0.171,42932.8
1783245600,0.171,0.173,0.171,0.172,97180.48
1783252800,0.172,0.175,0.172,0.174,54791.83
1783256400,0.175,0.175,0.174,0.175,263396.91
1783260000,0.175,0.175,0.174,0.175,29976.25
1783263600,0.176,0.176,0.174,0.174,50956.31
1783267200,0.174,0.175,0.174,0.174,7585.32
1783270800,0.174,0.174,0.174,0.174,18593.87
1783274400,0.174,0.175,0.173,0.175,132852.54
1783278000,0.175,0.175,0.174,0.174,11964.3
1783281600,0.175,0.175,0.174,0.174,2119.5
1783285200,0.174,0.178,0.174,0.177,12952.6
1783288800,0.177,0.179,0.177,0.178,25258.47
1783292400,0.179,0.18,0.177,0.178,94632.06
1783296000,0.178,0.179,0.176,0.179,26741.9
1783299600,0.178,0.179,0.176,0.177,104924.82
1783303200,0.177,0.179,0.177,0.178,8209.19
1783306800,0.178,0.178,0.177,0.178,29353.45
1783310400,0.178,0.179,0.177,0.177,6800.2
1783314000,0.176,0.176,0.173,0.174,65384.63
1783317600,0.174,0.175,0.174,0.175,13850.11
1783321200,0.175,0.176,0.175,0.176,6531.94
1783324800,0.175,0.175,0.174,0.174,22273.58
1783328400,0.174,0.174,0.173,0.173,15863.0
1783332000,0.173,0.174,0.173,0.174,35246.95
1783335600,0.173,0.173,0.171,0.171,12976.92
1783339200,0.17,0.171,0.168,0.169,120135.15
1783342800,0.168,0.17,0.168,0.17,34849.7
1783346400,0.171,0.172,0.17,0.171,125798.24
1783350000,0.172,0.175,0.171,0.174,44993.9
1783353600,0.174,0.176,0.174,0.175,49631.69
1783357200,0.175,0.176,0.172,0.172,201967.92
1783360800,0.173,0.173,0.17,0.173,960141.16
1783364400,0.173,0.173,0.171,0.171,800206.06
1783368000,0.171,0.172,0.171,0.172,145107.96
1783371600,0.173,0.176,0.173,0.174,325386.62
1783375200,0.174,0.174,0.173,0.173,142909.18
1783378800,0.173,0.173,0.171,0.171,53348.04
1783382400,0.171,0.172,0.171,0.171,43452.17
1783386000,0.17,0.171,0.17,0.17,83277.9
1783389600,0.17,0.17,0.168,0.168,114602.56
1783393200,0.168,0.169,0.167,0.167,73846.19
1783396800,0.167,0.167,0.167,0.167,29063.95
1783400400,0.167,0.168,0.166,0.168,109574.97
1783404000,0.168,0.169,0.167,0.168,57721.98
1783407600,0.168,0.169,0.167,0.168,117921.92
1783411200,0.168,0.168,0.167,0.168,57301.5
1783414800,0.168,0.168,0.167,0.168,112371.57
1783418400,0.168,0.169,0.167,0.167,123476.92
1783422000,0.167,0.168,0.167,0.168,32024.51
1783425600,0.169,0.171,0.169,0.169,198850.56
1783429200,0.169,0.169,0.167,0.168,292072.93
1783432800,0.168,0.169,0.166,0.169,121115.0
1783436400,0.168,0.17,0.168,0.17,69813.52
1783440000,0.17,0.17,0.169,0.17,50051.87
1783443600,0.17,0.17,0.169,0.17,31019.63
1783447200,0.17,0.17,0.167,0.167,134162.88
1783450800,0.167,0.168,0.166,0.168,104313.07
1783454400,0.168,0.169,0.168,0.168,20875.71
1783458000,0.168,0.168,0.166,0.166,32780.21
1783461600,0.165,0.166,0.164,0.165,15194.55
1783465200,0.166,0.166,0.165,0.166,12581.78
1783468800,0.166,0.166,0.165,0.166,18623.49
1783472400,0.166,0.166,0.16,0.16,258458.1
1783476000,0.16,0.161,0.159,0.16,138872.5
1783479600,0.16,0.161,0.159,0.159,16180.77
1783483200,0.159,0.16,0.159,0.16,35632.43
1783486800,0.159,0.16,0.159,0.16,8585.82
1783490400,0.16,0.16,0.157,0.158,102821.32
1783494000,0.158,0.16,0.158,0.159,160604.32
1783497600,0.159,0.159,0.155,0.155,237669.48
1783501200,0.155,0.156,0.154,0.155,61344.59
1783504800,0.155,0.157,0.155,0.156,265833.99
1783508400,0.156,0.158,0.156,0.158,33170.22
1783512000,0.157,0.158,0.156,0.156,22102.17
1783515600,0.155,0.158,0.155,0.158,141646.85
1783519200,0.158,0.158,0.156,0.156,48084.91
1783522800,0.156,0.157,0.156,0.157,31753.95
1783526400,0.157,0.158,0.156,0.157,42113.87
1783530000,0.157,0.158,0.157,0.157,28633.74
1783533600,0.157,0.157,0.156,0.157,17756.8
1783537200,0.157,0.157,0.157,0.157,10034.85
1783540800,0.157,0.157,0.156,0.156,23768.02
1783544400,0.156,0.158,0.156,0.158,27170.11
1783548000,0.157,0.157,0.156,0.156,67463.02
1783551600,0.158,0.159,0.158,0.158,36237.54
1783555200,0.158,0.158,0.158,0.158,12721.08
1783558800,0.159,0.159,0.158,0.158,34119.69
1783562400,0.158,0.158,0.157,0.157,14379.98
1783566000,0.157,0.158,0.157,0.158,14650.61
1783569600,0.158,0.159,0.158,0.159,16383.05
1783573200,0.159,0.16,0.159,0.16,19183.95
1783576800,0.16,0.161,0.16,0.161,68035.3
1783580400,0.161,0.161,0.16,0.16,15826.57
1783584000,0.159,0.16,0.159,0.159,38995.3
1783587600,0.159,0.159,0.158,0.159,48332.15
1783591200,0.159,0.159,0.158,0.158,12915.68
1783594800,0.158,0.159,0.158,0.159,43034.62
1783598400,0.159,0.16,0.159,0.159,39014.96
1783602000,0.159,0.16,0.158,0.16,31710.9
1783605600,0.16,0.161,0.159,0.159,51791.11
1783609200,0.159,0.16,0.159,0.159,34366.66
1783612800,0.159,0.159,0.158,0.159,26069.73
1783616400,0.159,0.16,0.159,0.16,10178.38
1783620000,0.16,0.16,0.159,0.159,21187.0
1783623600,0.159,0.16,0.158,0.159,14971.69
1783627200,0.159,0.16,0.158,0.158,11348.34
1783630800,0.159,0.159,0.159,0.159,6581.88
1783634400,0.159,0.159,0.159,0.159,24623.17
1783638000,0.158,0.159,0.157,0.158,38128.45
1783641600,0.158,0.158,0.157,0.157,62681.46
1783645200,0.157,0.16,0.157,0.159,61448.66
1783648800,0.159,0.16,0.159,0.16,26923.45
1783652400,0.16,0.16,0.16,0.16,3503.29
1783656000,0.16,0.161,0.16,0.161,14162.67
1783659600,0.161,0.161,0.16,0.16,2203.46
1783663200,0.16,0.16,0.159,0.159,5971.5
1783666800,0.159,0.159,0.158,0.159,14523.74
1783670400,0.159,0.16,0.159,0.16,15652.57
1783674000,0.159,0.16,0.159,0.16,67139.14
1783681200,0.16,0.16,0.16,0.16,24629.45
1783684800,0.16,0.16,0.159,0.159,9740.68
1783688400,0.159,0.16,0.159,0.159,32426.57
1783692000,0.159,0.159,0.156,0.158,73251.05
1783695600,0.158,0.159,0.151,0.152,1771076.1
1783699200,0.152,0.155,0.152,0.155,311898.25
1783702800,0.155,0.155,0.153,0.153,51382.01
1783706400,0.154,0.154,0.152,0.152,32815.56
1783710000,0.153,0.154,0.153,0.154,12926.08
1783713600,0.154,0.154,0.153,0.154,2668.08
1783717200,0.154,0.155,0.154,0.155,19370.05
1783720800,0.155,0.155,0.154,0.154,25687.11
1783724400,0.154,0.155,0.153,0.153,96816.97
1783728000,0.153,0.153,0.152,0.153,24791.04
1783731600,0.153,0.154,0.153,0.153,114585.59
1783735200,0.153,0.154,0.153,0.154,43494.48
1783738800,0.154,0.155,0.154,0.154,200511.26
1783742400,0.154,0.155,0.153,0.153,364098.18
1783749600,0.153,0.153,0.153,0.153,112523.56
1783753200,0.153,0.153,0.153,0.153,85.13
1783756800,0.152,0.152,0.151,0.152,61968.79
1783760400,0.152,0.153,0.152,0.152,17272.95
1783764000,0.152,0.153,0.152,0.153,32470.49
1783767600,0.153,0.154,0.153,0.154,3171.6
1783771200,0.153,0.154,0.153,0.154,68250.06
1783774800,0.154,0.155,0.153,0.154,19786.76
1783778400,0.154,0.155,0.154,0.154,41869.97
1783782000,0.154,0.155,0.152,0.153,114871.42
1783785600,0.153,0.153,0.152,0.153,22912.96
1783789200,0.153,0.154,0.153,0.154,29791.16
1783792800,0.153,0.154,0.153,0.154,709.73
1783796400,0.153,0.153,0.153,0.153,4282.51
1783800000,0.154,0.155,0.154,0.155,54095.07
1783803600,0.155,0.155,0.153,0.153,6715.28
1783807200,0.153,0.153,0.152,0.152,26611.53
1783810800,0.152,0.152,0.15,0.15,38729.67
1783814400,0.15,0.15,0.149,0.15,47340.74
1783818000,0.15,0.151,0.15,0.15,43703.9
1783821600,0.15,0.151,0.15,0.151,2602.03
1783825200,0.151,0.153,0.151,0.152,371672.19
1783828800,0.151,0.152,0.151,0.151,474814.62
1783832400,0.151,0.151,0.151,0.151,89093.76
1783836000,0.151,0.151,0.149,0.15,22632.32
1783839600,0.15,0.15,0.15,0.15,11214.87
1783843200,0.15,0.15,0.15,0.15,7.8
1783846800,0.15,0.15,0.15,0.15,23011.99
1783854000,0.15,0.15,0.149,0.15,5561.09
1783861200,0.151,0.151,0.15,0.15,36552.07
1783864800,0.15,0.151,0.149,0.15,30752.36
1783872000,0.151,0.151,0.15,0.15,19740.01
1783875600,0.15,0.151,0.149,0.149,79587.03
1783879200,0.149,0.151,0.149,0.151,13325.9
1783882800,0.151,0.151,0.15,0.151,19382.84
1783886400,0.151,0.151,0.15,0.15,1044.89
1783890000,0.15,0.15,0.15,0.15,71594.6
1783893600,0.149,0.149,0.148,0.148,45469.53
1783897200,0.149,0.15,0.149,0.15,451.83
1783900800,0.15,0.152,0.149,0.15,49445.15
1783904400,0.15,0.151,0.148,0.149,386532.02
1783908000,0.149,0.149,0.149,0.149,49228.72
1783911600,0.149,0.149,0.147,0.148,195424.68
1783915200,0.148,0.149,0.148,0.149,31587.4
1783918800,0.15,0.151,0.149,0.15,47327.13
1783922400,0.15,0.151,0.15,0.15,8885.15
1783926000,0.151,0.151,0.15,0.15,10572.11
1783929600,0.15,0.15,0.15,0.15,26297.08
1783933200,0.15,0.15,0.15,0.15,43540.5
1783936800,0.15,0.151,0.149,0.151,36494.72
1783940400,0.151,0.151,0.15,0.151,22274.61
1783944000,0.15,0.151,0.149,0.151,72074.91
1783947600,0.15,0.151,0.15,0.151,54388.52
1783951200,0.151,0.152,0.15,0.151,107984.99
1783954800,0.151,0.151,0.149,0.15,22608.5
1783958400,0.15,0.15,0.148,0.15,57518.35
1783962000,0.15,0.15,0.148,0.148,49693.43
1783965600,0.149,0.151,0.149,0.151,139203.01
1783969200,0.151,0.151,0.15,0.15,44262.96
1783972800,0.15,0.15,0.149,0.149,68658.12
1783976400,0.15,0.15,0.148,0.149,110693.74
1783980000,0.149,0.15,0.149,0.15,29698.16
1783983600,0.15,0.151,0.15,0.151,18664.66
1783987200,0.151,0.153,0.151,0.153,35425.99
1783990800,0.153,0.154,0.152,0.152,33471.54
1783994400,0.153,0.155,0.152,0.153,36637.56
1783998000,0.153,0.155,0.153,0.154,41647.59
1784001600,0.155,0.156,0.154,0.155,29991.48
1784005200,0.155,0.155,0.154,0.155,60219.69
1784008800,0.154,0.154,0.153,0.153,25044.65
1784012400,0.153,0.153,0.152,0.152,42352.14
1784016000,0.152,0.152,0.152,0.152,5474.76
1784019600,0.152,0.152,0.151,0.151,47304.87
1784023200,0.152,0.152,0.151,0.151,17237.26
1784026800,0.152,0.152,0.151,0.151,63170.82
1784030400,0.151,0.153,0.151,0.153,103475.63
1784034000,0.153,0.154,0.152,0.153,52906.18
1784037600,0.152,0.154,0.152,0.153,74002.98
1784041200,0.153,0.153,0.152,0.153,65220.08
1784044800,0.153,0.154,0.153,0.154,18864.08
1784048400,0.154,0.154,0.153,0.154,28064.01
1784052000,0.153,0.154,0.153,0.154,19259.53
1784055600,0.154,0.154,0.153,0.153,6109.84
1784059200,0.153,0.153,0.153,0.153,32310.2
1784062800,0.153,0.153,0.153,0.153,3048.68
1784066400,0.152,0.154,0.152,0.153,343477.91
1784073600,0.154,0.155,0.153,0.155,31761.88
1784077200,0.156,0.156,0.155,0.155,21021.4
1784080800,0.154,0.155,0.154,0.155,5867.36
1784084400,0.155,0.156,0.155,0.156,27918.2
1784088000,0.155,0.155,0.154,0.154,44165.81
1784091600,0.154,0.155,0.154,0.155,6679.78
1784095200,0.156,0.156,0.155,0.155,4666.09
1784098800,0.155,0.155,0.153,0.153,20306.49
1784102400,0.153,0.154,0.153,0.154,22748.72
1784106000,0.155,0.155,0.154,0.154,8744.17
1784109600,0.154,0.154,0.153,0.154,2544.86
1784113200,0.153,0.154,0.152,0.153,464106.68
1784116800,0.153,0.155,0.153,0.155,84104.32
1784120400,0.155,0.157,0.155,0.156,363317.57
1784124000,0.156,0.157,0.156,0.156,100220.6
1784127600,0.156,0.156,0.154,0.154,86644.49
1784131200,0.154,0.154,0.152,0.154,96350.53
1784134800,0.153,0.154,0.153,0.154,22312.09
1784138400,0.154,0.155,0.153,0.153,14602.03
1784142000,0.153,0.153,0.153,0.153,22274.89
1784145600,0.152,0.154,0.152,0.154,21466.81
1784149200,0.153,0.153,0.153,0.153,259.74
1784152800,0.154,0.154,0.153,0.153,10795.15
1784156400,0.153,0.153,0.152,0.152,214731.47
1784160000,0.153,0.153,0.151,0.152,342367.33
1784163600,0.151,0.153,0.151,0.153,129675.52
1784167200,0.152,0.154,0.152,0.154,243157.99
1784170800,0.154,0.154,0.152,0.152,46544.7
1784178000,0.152,0.152,0.152,0.152,52854.55
1784181600,0.152,0.152,0.151,0.151,81117.45
1784185200,0.151,0.151,0.15,0.15,171359.43
1784188800,0.15,0.151,0.149,0.151,173721.77
1784192400,0.151,0.151,0.15,0.15,40538.6
1784196000,0.151,0.152,0.151,0.152,22405.45
1784199600,0.152,0.152,0.15,0.151,39396.2
1784203200,0.151,0.152,0.151,0.152,64963.04
1784206800,0.152,0.154,0.152,0.154,59969.42
1784210400,0.154,0.155,0.153,0.153,90107.12
1784214000,0.153,0.156,0.153,0.154,87652.89
1784217600,0.154,0.154,0.153,0.153,23072.49
1784221200,0.153,0.153,0.152,0.152,11856.15
1784224800,0.153,0.153,0.152,0.153,42783.98
1784228400,0.153,0.154,0.152,0.154,14909.56
1784232000,0.154,0.155,0.154,0.154,21621.62
1784235600,0.154,0.154,0.153,0.153,6600.48
1784239200,0.153,0.153,0.152,0.152,8465.22
1784242800,0.151,0.151,0.15,0.151,73644.78
1784246400,0.151,0.152,0.15,0.152,163341.72
1784250000,0.152,0.152,0.151,0.151,4875.0
1784253600,0.151,0.151,0.15,0.151,680484.9
1784257200,0.151,0.154,0.151,0.152,543653.66
1784260800,0.152,0.154,0.152,0.153,103855.79
1784264400,0.153,0.153,0.151,0.152,177876.17
1784268000,0.152,0.153,0.152,0.152,65237.23
1784271600,0.152,0.153,0.152,0.152,74726.21
1784275200,0.152,0.154,0.152,0.152,72681.68
1784278800,0.153,0.154,0.153,0.154,35328.1
1784282400,0.154,0.155,0.154,0.154,31159.38
1784286000,0.153,0.153,0.152,0.152,4149.37
1784289600,0.152,0.153,0.152,0.152,39150.77
1784293200,0.152,0.154,0.151,0.154,97417.02
1784296800,0.154,0.155,0.153,0.153,190384.04
1784300400,0.152,0.154,0.152,0.154,24750.07
1784304000,0.154,0.156,0.154,0.156,59696.68
1784307600,0.156,0.156,0.155,0.155,48989.82
1784311200,0.154,0.155,0.154,0.155,49748.54
1784314800,0.155,0.155,0.155,0.155,37643.61
1784318400,0.155,0.155,0.154,0.155,26543.28
1784322000,0.155,0.155,0.154,0.155,17727.03
1784325600,0.154,0.155,0.154,0.155,23745.58
1784329200,0.154,0.156,0.154,0.156,114963.16
1784332800,0.156,0.158,0.155,0.156,116190.61
1784336400,0.156,0.157,0.155,0.155,20348.23
1784343600,0.155,0.157,0.154,0.156,123081.35
1784347200,0.156,0.156,0.155,0.155,31217.51
1784350800,0.155,0.155,0.153,0.153,117595.04
1784354400,0.154,0.154,0.153,0.153,2918.89
1784358000,0.153,0.154,0.153,0.154,17645.41
1784361600,0.153,0.153,0.153,0.153,2641.24
1784368800,0.153,0.154,0.152,0.153,41173.77
1784376000,0.153,0.154,0.151,0.153,36091.47
1784379600,0.152,0.152,0.152,0.152,33208.36
1784383200,0.153,0.153,0.153,0.153,36510.54
1784386800,0.154,0.154,0.152,0.153,50834.24
1784390400,0.154,0.155,0.153,0.155,112660.31
1784394000,0.155,0.155,0.155,0.155,2500.53
1784397600,0.154,0.154,0.153,0.154,67077.34
1784401200,0.153,0.154,0.153,0.154,40771.33
1784404800,0.154,0.155,0.154,0.154,42297.47
1784408400,0.154,0.154,0.154,0.154,12135.05
1784412000,0.155,0.155,0.154,0.155,10169.71
1784415600,0.154,0.154,0.153,0.154,10457.4
1784419200,0.154,0.155,0.153,0.153,58386.49
1784422800,0.153,0.154,0.153,0.153,34587.74
1784426400,0.153,0.154,0.153,0.153,35920.31
1784430000,0.153,0.153,0.153,0.153,1497.77
1784433600,0.153,0.153,0.152,0.153,12528.64
1784437200,0.153,0.153,0.153,0.153,35022.36
1784440800,0.153,0.154,0.152,0.152,11533.52
1784444400,0.152,0.153,0.152,0.153,22047.5
1784448000,0.153,0.153,0.153,0.153,4442.22
1784451600,0.153,0.153,0.153,0.153,13386.64
1784455200,0.153,0.154,0.153,0.154,41507.83
1784458800,0.154,0.154,0.153,0.153,56698.32
1784462400,0.153,0.153,0.153,0.153,16548.04
1784466000,0.153,0.154,0.152,0.153,160274.82
1784469600,0.153,0.153,0.152,0.153,15954.01
1784473200,0.153,0.153,0.153,0.153,182492.78
1784476800,0.153,0.153,0.152,0.152,54873.76
1784480400,0.151,0.152,0.151,0.152,72648.29
1784484000,0.151,0.152,0.15,0.152,3952.91
1784487600,0.152,0.152,0.152,0.152,12040.38
1784491200,0.153,0.153,0.153,0.153,12263.11
1784494800,0.153,0.153,0.152,0.152,18268.22
1784498400,0.153,0.154,0.153,0.153,5924.01
1784502000,0.153,0.155,0.153,0.155,67905.85
1784505600,0.154,0.155,0.154,0.155,59979.26
1784509200,0.155,0.155,0.153,0.153,24253.52
1784512800,0.153,0.154,0.153,0.154,20799.81
1784516400,0.153,0.153,0.152,0.152,49117.55
1784520000,0.152,0.153,0.152,0.152,16881.49
1784523600,0.151,0.151,0.15,0.151,25491.05
1784527200,0.15,0.15,0.149,0.15,25666.02
1784530800,0.151,0.151,0.151,0.151,12079.58
1784534400,0.151,0.151,0.149,0.151,78030.1
1784538000,0.151,0.151,0.149,0.149,16366.04
1784541600,0.149,0.15,0.149,0.15,57335.06
1784545200,0.149,0.151,0.149,0.151,10811.87
1784548800,0.15,0.151,0.148,0.15,719850.62
1784552400,0.151,0.151,0.151,0.151,75295.93
1784556000,0.15,0.151,0.15,0.151,234295.99
1784559600,0.151,0.154,0.151,0.154,199128.62
1784563200,0.154,0.155,0.153,0.155,126778.86
1784566800,0.156,0.156,0.154,0.155,21781.89
1784570400,0.155,0.155,0.153,0.154,112879.42
1784574000,0.154,0.155,0.153,0.153,56277.33
1784577600,0.153,0.154,0.153,0.153,11425.58
1784581200,0.154,0.155,0.153,0.153,59209.93
1784584800,0.153,0.154,0.152,0.153,24372.08
1784588400,0.153,0.153,0.152,0.152,12436.16
1784592000,0.152,0.152,0.151,0.152,131559.64
1784595600,0.152,0.152,0.15,0.151,29728.05
1784599200,0.151,0.152,0.15,0.152,20959.59
1784602800,0.152,0.154,0.152,0.154,35763.36
1784606400,0.154,0.154,0.152,0.152,4957.79
1784610000,0.152,0.153,0.152,0.153,22813.88
